id,name,nationality,sex,date_of_birth,height,weight,sport,gold,silver,bronze,info
736041664,A Jesus Garcia,ESP,male,1969-10-17,1.72,64,athletics,0,0,0,
532037425,A Lam Shin,KOR,female,1986-09-23,1.68,56,fencing,0,0,0,
435962603,Aaron Brown,CAN,male,1992-05-27,1.98,79,athletics,0,0,1,
521041435,Aaron Cook,MDA,male,1991-01-02,1.83,80,taekwondo,0,0,0,
33922579,Aaron Gate,NZL,male,1990-11-26,1.81,71,cycling,0,0,0,
173071782,Aaron Royle,AUS,male,1990-01-26,1.80,67,triathlon,0,0,0,
266237702,Aaron Russell,USA,male,1993-06-04,2.05,98,volleyball,0,0,1,
382571888,Aaron Younger,AUS,male,1991-09-25,1.93,100,aquatics,0,0,0,
87689776,Aauri Lorena Bokesa,ESP,female,1988-12-14,1.80,62,athletics,0,0,0,
997877719,Ababel Yeshaneh,ETH,female,1991-07-22,1.65,54,athletics,0,0,0,
343694681,Abadi Hadis,ETH,male,1997-11-06,1.70,63,athletics,0,0,0,
591319906,Abbas Abubakar Abbas,BRN,male,1996-05-17,1.75,66,athletics,0,0,0,
258556239,Abbas Qali,IOA,male,1992-10-11,,,aquatics,0,0,0,
376068084,Abbey D'Agostino,USA,female,1992-05-25,1.61,49,athletics,0,0,0,
162792594,Abbey Weitzeil,USA,female,1996-12-03,1.78,68,aquatics,1,1,0,
521036704,Abbie Brown,GBR,female,1996-04-10,1.76,71,rugby sevens,0,0,0,
149397772,Abbos Rakhmonov,UZB,male,1998-07-07,1.61,57,wrestling,0,0,0,
256673338,Abbubaker Mobara,RSA,male,1994-02-18,1.75,64,football,0,0,0,
337369662,Abby Erceg,NZL,female,1989-11-20,1.75,68,football,0,0,0,
334169879,Abd Elhalim Mohamed Abou,EGY,male,1989-06-03,2.10,88,volleyball,0,0,0,
215053268,Abdalaati Iguider,MAR,male,1987-03-25,1.73,57,athletics,0,0,0,
763711985,Abdalelah Haroun,QAT,male,1997-01-01,1.85,80,athletics,0,0,0,
924593601,Abdalla Targan,SUD,male,1996-09-28,1.77,65,athletics,0,0,0,
578032534,Abdel Aziz Mehelba,EGY,male,1988-12-10,1.76,80,shooting,0,0,0,
890222258,Abdelati El Guesse,MAR,male,1993-02-27,1.90,72,athletics,0,0,0,
803161695,Abdelaziz Merzougui,ESP,male,1991-08-30,1.75,67,athletics,0,0,0,
189931373,Abdelaziz Mohamed Ahmed,SUD,male,1994-10-12,1.81,72,aquatics,0,0,0,
677622742,Abdelghani Demmou,ALG,male,1989-01-29,1.85,75,football,0,0,0,
349871091,Abdelhafid Benchabla,ALG,male,1986-09-26,1.86,,boxing,0,0,0,
904808208,Abdelhakim Amokrane,ALG,male,1994-05-10,1.86,70,football,0,0,0,
23564778,Abdelkader Chadi,ALG,male,1986-12-12,1.78,,boxing,0,0,0,
133974151,Abdelkadir Salhi,ALG,male,1993-03-19,1.85,79,football,0,0,0,
189886442,Abdelkebir Ouaddar,MAR,male,1962-07-15,1.74,67,equestrian,0,0,0,
199516300,Abdelkhalek Elbanna,EGY,male,1988-07-04,1.93,95,rowing,0,0,0,
570342175,Abdellatif Mohamed Ahmed Mohamed,EGY,male,1995-12-08,1.76,120,wrestling,0,0,0,
517007712,Abdelmajid El Hissouf,MAR,male,1992-09-23,1.70,56,athletics,0,0,0,
512730813,Abdelmalik Lahoulou,ALG,male,1992-05-07,1.77,72,athletics,0,0,0,
934545704,Abdelrahman Salah Orabi Abdelgawwad,EGY,male,1987-10-09,1.85,,boxing,0,0,0,
514096508,Abdelraouf Benguit,ALG,male,1996-04-05,1.70,65,football,0,0,0,
388896171,Abderrahmane Benamadi,ALG,male,1985-07-03,1.83,90,judo,0,0,0,
285603057,Abderrahmane Mansouri,ALG,male,1995-01-13,1.72,66,cycling,0,0,0,
545134894,Abderrahmane Meziane,ALG,male,1994-03-07,1.68,62,football,0,0,0,
64529046,Abdi Hakin Ulad,DEN,male,1991-06-14,1.75,57,athletics,0,0,0,
917755766,Abdi Nageeye,NED,male,1989-03-02,1.65,54,athletics,0,0,0,
184980926,Abdi Waiss Mouhyadin,DJI,male,1996-07-03,1.60,60,athletics,0,0,0,
702606719,Abdoul Khadre Mbaye Niane,SEN,male,1988-08-20,1.90,90,aquatics,0,0,0,
259675127,Abdoulkarim Fawziya,CMR,female,1989-03-01,1.80,67,volleyball,0,0,0,
469953606,Abdoullah Bamoussa,ITA,male,1986-06-08,,,athletics,0,0,0,
962468808,Abdoulrazak Issoufou Alfaga,NIG,male,1994-12-26,2.07,98,taekwondo,0,1,0,
958967643,Abdul Khalili,SWE,male,1992-06-07,1.81,71,football,0,0,0,
325809293,Abdul Omar,GHA,male,1993-10-03,,,boxing,0,0,0,
152408417,Abdul Wahab Zahiri,AFG,male,1992-05-27,1.75,68,athletics,0,0,0,
262868423,Abdulaziz Alshatti,IOA,male,1990-10-30,,,fencing,0,0,0,
101781750,Abdulkadir Abdullayev,AZE,male,1988-07-17,1.88,,boxing,0,0,0,
5763609,Abdullah Abkar Mohammed,KSA,male,1997-01-01,1.72,73,athletics,0,0,0,
969824503,Abdullah Alrashidi,IOA,male,1963-08-21,1.83,84,shooting,0,0,1,
897549624,Abdullah Hel Baki,BAN,male,1989-08-01,,,shooting,0,0,0,
153457,Abdullahi Shehu,NGR,male,1993-03-12,1.70,,football,0,0,1,
803368584,Abdullo Tangriev,UZB,male,1981-03-28,1.90,132,judo,0,0,0,
937153550,Abdulrahman Al Faihan,IOA,male,1986-06-24,,,shooting,0,0,0,
746318262,Abdulrashid Sadulaev,RUS,male,1996-05-09,1.77,86,wrestling,1,0,0,
841446548,Abdulrazzaq Murad,QAT,male,1990-06-29,1.86,77,handball,0,0,0,
884912875,Abeku Gyekye Jackson,GHA,male,2000-04-12,,,aquatics,0,0,0,
146197583,Abhinav Bindra,IND,male,1982-09-28,1.75,70,shooting,0,0,0,
884912136,Abigail Johnston,USA,female,1989-11-16,1.66,61,aquatics,0,0,0,
221052317,Abigel Joo,HUN,female,1990-08-06,1.83,76,judo,0,0,0,
157637514,Ablaikhan Zhussupov,KAZ,male,1997-01-10,1.75,,boxing,0,0,0,
78813419,Abraham Kipchirchir Rotich,BRN,male,1993-09-26,1.83,65,athletics,0,0,0,
555457991,Abraham Naibei Cheroben,BRN,male,1992-10-11,1.76,60,athletics,0,0,0,
877850429,Abraham Niyonkuru,BDI,male,1989-12-26,1.62,52,athletics,0,0,0,
369092977,Abrar Osman,ERI,male,1994-01-01,1.68,58,athletics,0,0,0,
602585498,Abubaker Haydar Abdalla,QAT,male,1996-08-28,1.80,60,athletics,0,0,0,
140663745,Achraf Kharroubi,MAR,male,1990-09-25,1.60,,boxing,0,0,0,
507726155,Adam Batirov,BRN,male,1985-01-13,1.65,71,wrestling,0,0,0,
60265240,Adam Cwalina,POL,male,1985-01-26,1.87,81,badminton,0,0,0,
256805041,Adam Decker,HUN,male,1984-02-29,2.03,115,aquatics,0,0,0,
275689888,Adam Dixon,GBR,male,1986-09-11,1.69,70,hockey,0,0,0,
136977152,Adam Froese,CAN,male,1991-08-13,1.82,81,hockey,0,0,0,
487206822,Adam Gemili,GBR,male,1993-10-06,1.78,75,athletics,0,0,0,
236523132,Adam Imer,BRA,male,1989-08-18,1.82,88,hockey,0,0,0,
682367963,Adam Kszczot,POL,male,1989-09-02,1.78,68,athletics,0,0,0,
624366946,Adam Lundqvist,SWE,male,1994-03-20,1.74,70,football,0,0,0,
394945344,Adam Marosi,HUN,male,1984-07-26,1.81,75,modern pentathlon,0,0,0,
970243540,Adam Okruashvili,GEO,male,1989-01-01,1.89,130,judo,0,0,0,
765490473,Adam Pattantyus,HUN,male,1978-10-10,1.75,71,table tennis,0,0,0,
561951036,Adam Peaty,GBR,male,1994-12-28,1.93,88,aquatics,1,1,0,
785166259,Adam Sebastian Helcelet,CZE,male,1991-10-27,1.90,92,athletics,0,0,0,
846863992,Adam Telegdy,HUN,male,1995-11-01,1.94,77,aquatics,0,0,0,
390173289,Adam Vella,AUS,male,1971-06-12,1.78,92,shooting,0,0,0,
266751447,Adam Viktora,SEY,male,1996-09-06,1.88,94,aquatics,0,0,0,
983184686,Adam Wisniewski,POL,male,1980-10-24,1.93,93,handball,0,0,0,
184652432,Adam Yates,GBR,male,1992-08-07,1.72,58,cycling,0,0,0,
983411298,Adam van Koeverden,CAN,male,1982-01-29,1.82,85,canoe,0,0,0,
685532077,Adama Diatta,SEN,male,1988-08-14,1.65,57,wrestling,0,0,0,
222063859,Adama Jammeh,GAM,male,1993-06-10,,,athletics,0,0,0,
46940649,Adas Juskevicius,LTU,male,1989-01-03,1.94,90,basketball,0,0,0,
512592841,Adel Gholami,IRI,male,1986-02-09,1.95,88,volleyball,0,0,0,
302277635,Adel Mechaal,ESP,male,1990-12-05,1.82,71,athletics,0,0,0,
216864827,Adel Mojallalimoghadam,IRI,male,1993-03-21,1.85,82,canoe,0,0,0,
153013732,Adela Bruns,CZE,female,1987-02-05,1.71,60,shooting,0,0,0,
123916473,Adela Hanzlickova,CZE,female,1994-05-04,1.71,67,wrestling,0,0,0,
325622113,Adelina Bogus,ROU,female,1988-09-04,1.86,75,rowing,0,0,1,
518639420,Adelina Pastor,ROU,female,1993-05-05,1.68,56,athletics,0,0,0,
457663778,Adelinde Cornelissen,NED,female,1979-07-07,1.68,55,equestrian,0,0,0,"At London 2012, Adelinde Cornelissen won two medals: silver in the individual dressage and bronze in the team event. This Dutch athlete has also won two World Cup titles with her horse Jerich Parzival."
259002430,Adeline Maria Gray,USA,female,1991-01-15,1.73,77,wrestling,0,0,0,
303297765,Adem Boudjemline,ALG,male,1994-02-28,1.80,85,wrestling,0,0,0,
993710181,Adenizia da Silva,BRA,female,1986-12-18,1.87,65,volleyball,0,0,0,
878847288,Adham Ahmed Saleh Kahk,EGY,male,1993-06-27,1.60,66,wrestling,0,0,0,
75289002,Adilbek Niyazymbetov,KAZ,male,1989-05-19,1.80,,boxing,0,1,0,
930618704,Adilson da Silva,BRA,male,1972-01-24,1.70,79,golf,0,0,0,
890593128,Aditi Ashok,IND,female,1998-03-29,1.73,57,golf,0,0,0,
456381770,Adlan Abdurashidov,RUS,male,1990-07-31,1.72,,boxing,0,0,0,
256936407,Adnan Maric,SWE,male,1997-02-17,1.83,78,football,0,0,0,
637015297,Adrian Andres Puentes Perez,CUB,male,1988-07-03,1.71,76,archery,0,0,0,
787208883,Adrian Baches,BRA,male,1990-04-07,1.84,83,aquatics,0,0,0,
941631433,Adrian Blocki,POL,male,1990-04-11,1.74,62,athletics,0,0,0,
839462979,Adrian Chacon,CUB,male,1988-12-10,1.87,90,athletics,0,0,0,
284555275,Adrian Crisan,ROU,male,1980-05-07,1.86,85,table tennis,0,0,0,
366608701,Adrian Dziolko,POL,male,1990-02-22,1.89,85,badminton,0,0,0,
679510102,Adrian Eduardo Goide Arredondo,CUB,male,1998-06-26,1.91,80,volleyball,0,0,0,
242818896,Adrian Edward Zielinski,POL,male,1989-03-28,1.70,94,weightlifting,0,0,0,
400838338,Adrian Gavira Collado,ESP,male,1987-09-17,1.93,89,volleyball,0,0,0,
557196811,Adrian Gomboc,SLO,male,1995-01-20,1.70,69,judo,0,0,0,
653186701,Adrian Griffith,BAH,male,1984-11-11,1.78,75,athletics,0,0,0,
217850967,Adrian Ignacio Carambula Raurich,ITA,male,1988-03-16,1.82,83,volleyball,0,0,0,
370799805,Adrian Juhasz,HUN,male,1989-11-18,1.88,89,rowing,0,0,0,
714030791,Adrian Oquendo,CUB,male,1990-02-23,1.89,87,rowing,0,0,0,
915726586,Adrian Portela,ARG,male,1986-03-08,1.85,95,handball,0,0,0,
80367651,Adriana Aparecida da Silva,BRA,female,1981-07-22,1.66,52,athletics,0,0,0,
593328448,Adriana Araujo,BRA,female,1981-11-04,1.67,,boxing,0,0,0,
770039735,Adriana Diaz,PUR,female,2000-10-31,1.60,50,table tennis,0,0,0,
228337858,Adriana Martin,ESP,female,1996-04-12,1.62,65,archery,0,0,0,
529241363,Adriana Moises,BRA,female,1978-12-06,1.70,65,basketball,0,0,0,
439382128,Adrien Bart,FRA,male,1991-09-04,1.85,84,canoe,0,0,0,
326016199,Adrien Dipanda,FRA,male,1988-05-03,2.02,105,handball,0,1,0,
664737236,Adrien Niyonshuti,RWA,male,1987-01-02,1.65,68,cycling,0,0,0,
447910544,Adrienne Martelli,USA,female,1987-12-03,1.86,77,rowing,0,0,0,
835610998,Adzo Rebecca Kpossi,TOG,female,1999-01-25,1.58,53,aquatics,0,0,0,
26797739,Ae-Ri Noort,NED,female,1983-01-10,1.60,49,rowing,0,0,0,
577601340,Afa Ismail,MDV,female,1993-11-01,,,athletics,0,0,0,
16830155,Afaf Elhodhod,EGY,female,1996-10-01,1.63,75,shooting,0,0,0,
508610852,Afef Ben Ismail,TUN,female,1994-03-17,1.73,60,canoe,0,0,0,
477738986,Africa Zamorano Sanz,ESP,female,1998-01-11,1.70,58,aquatics,0,0,0,
998446972,Afrodite Zegers,NED,female,1991-12-02,1.61,58,sailing,0,0,0,
42409524,Agata Forkasiewicz,POL,female,1994-01-13,1.68,54,athletics,0,0,0,
28097741,Agatha Bednarczuk,BRA,female,1983-06-22,1.82,70,volleyball,0,1,0,
23462736,Ageze Guadie,ISR,male,1989-09-11,1.75,56,athletics,0,0,0,
971796358,Aglaia Pezzato,ITA,female,1994-04-22,1.75,60,aquatics,0,0,0,
810258362,Agnes Osazuwa,NGR,female,1989-11-26,1.62,65,athletics,0,0,0,
107504792,Agnes Raharolahy,FRA,female,1992-11-07,1.67,58,athletics,0,0,0,
320335499,Agnese Pastare,LAT,female,1988-10-27,1.79,68,athletics,0,0,0,
220410298,Agnete Kirk Thinggaard,DEN,female,1983-05-18,1.72,62,equestrian,0,0,0,
726686017,Agnieszka Dygacz,POL,female,1985-07-18,1.60,47,athletics,0,0,0,
517578131,Agnieszka Jadwiga Wieszczek-Kordus,POL,female,1983-03-22,1.75,69,wrestling,0,0,0,
120505360,Agnieszka Jerzyk,POL,female,1988-01-15,1.70,59,triathlon,0,0,0,
665715516,Agnieszka Kobus,POL,female,1990-08-28,1.77,68,rowing,0,0,1,
935702937,Agnieszka Nagay,POL,female,1981-02-20,1.69,61,shooting,0,0,0,
220520929,Agnieszka Radwanska,POL,female,1989-03-06,1.73,59,tennis,0,0,0,"Agnieszka Radwanska's career high to date was finishing runner-up at Wimbledon, in 2012, when she lost to Serena Williams in the final. Despite the defeat, the result was celebrated in her country. This athlete appears near the top of the world rankings."
527420548,Agnieszka Skrzypulec,POL,female,1989-06-03,1.66,53,sailing,0,0,0,
983479171,Agnieszka Szwarnog,POL,female,1986-12-28,1.65,51,athletics,0,0,0,
638298176,Agustin Mazzilli,ARG,male,1989-06-20,1.73,77,hockey,1,0,0,
833236523,Agustin Vidal,ARG,male,1987-07-08,1.94,100,handball,0,0,0,
794585269,Agustina Albertarrio,ARG,female,1993-01-01,1.65,55,hockey,0,0,0,
441542780,Agustina Habif,ARG,female,1992-03-08,1.65,55,hockey,0,0,0,
213448220,Ahmad Abughaush,JOR,male,1996-02-01,1.78,68,taekwondo,1,0,0,
443237540,Ahmad Alafasi,IOA,male,1983-01-10,,,shooting,0,0,0,
942902378,Ahmad Amsyar Azman,MAS,male,1992-08-28,1.62,62,aquatics,0,0,0,
684631479,Ahmad Hazer,LIB,male,1989-09-04,1.88,80,athletics,0,0,0,
67793782,Ahmed Abdelaal,EGY,male,1989-06-08,1.88,89,volleyball,0,0,0,
935849614,Ahmed Abdelhay,EGY,male,1984-08-19,1.97,87,volleyball,0,0,0,
786273274,Ahmed Abelrahman,EGY,male,1996-05-26,1.65,60,judo,0,0,0,
672789779,Ahmed Afifi,EGY,male,1988-03-30,1.94,92,volleyball,0,0,0,
873200853,Ahmed Akram,EGY,male,1996-10-20,1.88,80,aquatics,0,0,0,
862822782,Ahmed Ali,SUD,male,1993-11-15,1.73,75,athletics,0,0,0,
9418987,Ahmed Attellesey,LBA,male,1995-07-30,,,aquatics,0,0,0,
180751684,Ahmed Bader Magour,QAT,male,1996-03-03,1.90,90,athletics,0,0,0,
364294388,Ahmed Darwish,EGY,male,1981-07-02,1.72,80,shooting,0,0,0,
23970897,Ahmed El Kotb,EGY,male,1991-07-23,1.97,80,volleyball,0,0,0,
837684987,Ahmed El-Nemr,EGY,male,1978-11-21,1.83,84,archery,0,0,0,
635571670,Ahmed Elahmar,EGY,male,1984-01-27,1.81,79,handball,0,0,0,
64299896,Ahmed Gebrel,PLE,male,1991-01-22,,,aquatics,0,0,0,
215275770,Ahmed Goumar,NIG,male,1988-02-22,1.80,73,judo,0,0,0,
663592491,Ahmed Ibrahim,IRQ,male,1992-02-25,1.84,80,football,0,0,0,
916701520,Ahmed Kamar,EGY,male,1986-09-19,1.75,60,shooting,0,0,0,
114527133,Ahmed Mathlouthi,TUN,male,1989-12-18,1.90,90,aquatics,0,0,0,
205324342,Ahmed Mohamed,EGY,male,1996-04-08,1.70,73,shooting,0,0,0,
162169475,Ahmed Mohamed,EGY,male,1988-04-27,1.85,144,weightlifting,0,0,0,
739968078,Ahmed Mohamed Ibrahim Saad,EGY,male,1989-02-25,1.65,85,wrestling,0,0,0,
575397765,Ahmed Ragab,EGY,male,1991-09-29,1.74,81,sailing,0,0,0,
101574216,Ahmed Saad,EGY,male,1986-11-01,1.60,62,weightlifting,0,0,0,
105465611,Ahmed Shaban,EGY,male,1979-03-08,1.90,95,shooting,0,0,0,
585852107,Ahmet Li,TUR,male,1991-01-12,1.73,67,table tennis,0,0,0,
696999235,Ahmet Orken,TUR,male,1993-03-12,1.77,69,cycling,0,0,0,
47988332,Ahreum Na,KOR,female,1990-03-24,1.63,55,cycling,0,0,0,
138385356,Ahymara Espinoza,VEN,female,1985-05-28,1.80,99,athletics,0,0,0,
730862558,Ai Fukuhara,JPN,female,1988-11-01,1.56,48,table tennis,0,0,1,
488478701,Ai Kondo Yoshida,JPN,female,1980-11-05,1.61,58,sailing,0,0,0,
975475720,Ai Ueda,JPN,female,1983-10-26,1.55,44,triathlon,0,0,0,
544308054,Ai Wen Yu,TPE,female,1995-12-27,1.57,52,shooting,0,0,0,
696719880,Aiaal Lazarev,KGZ,male,1986-03-19,1.95,125,wrestling,0,0,0,
634178292,Aichen Wang,CHN,male,1985-03-28,1.85,75,sailing,0,0,0,
537808926,Aida Fall,SEN,female,1986-11-10,1.93,95,basketball,0,0,0,
155951731,Aida Mohamed,HUN,female,1976-03-12,1.62,58,fencing,0,0,0,
531077009,Aida Roman,MEX,female,1988-05-21,1.69,64,archery,0,0,0,
750356217,Aida Shanaeva,RUS,female,1986-04-23,1.73,63,fencing,0,0,0,
248085477,Aidan Roach,AUS,male,1990-09-07,1.87,88,aquatics,0,0,0,
743883365,Aika Hakoyama,JPN,female,1991-07-27,1.76,62,aquatics,0,0,1,
110469224,Aikaterini Nikolaidou,GRE,female,1992-10-22,1.80,70,rowing,0,0,0,
823094336,Aikaterini-Maria Kontochristopoulou,GRE,female,1997-06-10,1.68,58,fencing,0,0,0,
574808106,Aiko Hayashi,JPN,female,1993-11-17,1.66,56,aquatics,0,0,1,
676958658,Aiko Sugihara,JPN,female,1999-09-19,1.46,35,gymnastics,0,0,0,
420613340,Aileen Reid,IRL,female,1982-06-15,1.69,53,triathlon,0,0,0,
172676108,Ailen Valente,ARG,female,1996-03-26,1.67,58,gymnastics,0,0,0,
971329341,Ailly Luciano,NED,female,1991-03-25,1.71,69,handball,0,0,0,
356290857,Ailun Guo,CHN,male,1993-11-14,1.92,85,basketball,0,0,0,
273034565,Aimee Fisher,NZL,female,1995-01-24,1.83,99,canoe,0,0,0,
266091485,Aimee Willmott,GBR,female,1993-02-26,1.71,66,aquatics,0,0,0,
912490592,Aina Cid I Centelles,ESP,female,1994-09-01,1.70,60,rowing,0,0,0,
674464910,Ainhoa Hernandez,ESP,female,1994-04-27,1.80,88,handball,0,0,0,
14183642,Ainhoa Murua,ESP,female,1978-07-18,1.60,48,triathlon,0,0,0,
871394696,Ainur Yesbergenova,KAZ,female,1998-02-11,1.64,49,taekwondo,0,0,0,
635098552,Airi Hatakeyama,JPN,female,1994-08-16,1.71,46,gymnastics,0,0,0,
965051843,Airine Palsyte,LTU,female,1992-07-13,1.87,63,athletics,0,0,0,
840071617,Aisen Chen,CHN,male,1995-10-22,1.68,60,aquatics,2,0,0,
704825548,Aisha Praught,JAM,female,1989-12-14,1.62,50,athletics,0,0,0,
704391947,Aislin Jones,AUS,female,2000-02-08,1.57,51,shooting,0,0,0,
273177958,Aisuluu Tynybekova,KGZ,female,1993-05-04,1.70,58,wrestling,0,0,0,
191963338,Aitor Martinez Rodriguez,ESP,male,1993-08-22,1.83,78,aquatics,0,0,0,
678408880,Aivi Luik,AUS,female,1985-03-18,1.63,58,football,0,0,0,
234338084,Ajee Wilson,USA,female,1994-05-08,1.73,61,athletics,0,0,0,
374861025,Ajla del Ponte,SUI,female,1996-07-15,1.68,56,athletics,0,0,0,
504635619,Ajna Kesely,HUN,female,2001-09-10,1.65,54,aquatics,0,0,0,
680600926,Akalani Baravilala,USA,female,1991-07-12,1.68,74,rugby sevens,0,0,0,
213555250,Akane Kuroki,JPN,female,1978-08-13,1.65,50,equestrian,0,0,0,
58865414,Akane Shibata,JPN,female,1988-04-30,1.53,50,hockey,0,0,0,
677730191,Akane Yamaguchi,JPN,female,1997-06-06,1.56,55,badminton,0,0,0,
265984930,Akani Simbine,RSA,male,1993-09-21,1.76,74,athletics,0,0,0,
285797294,Akashdeep Singh,IND,male,1994-12-02,1.78,70,hockey,0,0,0,
769580282,Akeem Haynes,CAN,male,1992-03-11,1.68,71,athletics,0,0,1,
194243947,Akela Jones,BAR,female,1995-04-22,1.86,77,athletics,0,0,0,
58705332,Aki Mitsuhashi,JPN,female,1989-09-12,1.66,59,hockey,0,0,0,
921789441,Aki Yazawa,JPN,female,1991-11-05,1.56,50,canoe,0,0,0,
327133724,Akihiko Nakamura,JPN,male,1990-10-23,1.80,73,athletics,0,0,0,
346354435,Akiko Sato,JPN,female,1984-02-09,1.62,58,shooting,0,0,0,
850163240,Akira Ioane,NZL,male,1995-06-16,1.94,113,rugby sevens,0,0,0,
816408353,Akira Yanase,JPN,male,1988-08-11,1.91,95,aquatics,0,0,0,
959689266,Akossiwa Claire Ayivon,TOG,female,1996-08-11,,,rowing,0,0,0,
152032519,Akua Obeng-Akrofi,GHA,female,1996-07-10,,,athletics,0,0,0,
593452734,Alaa Ali,IRQ,male,1996-06-03,1.78,68,football,0,0,0,
747058984,Alaaeldin Abouelkassem,EGY,male,1990-11-25,1.88,87,fencing,0,0,0,
249203070,Alade Aminu,NGR,male,1987-09-14,2.10,102,basketball,0,0,0,
158571661,Alain Sign,GBR,male,1986-02-03,1.81,84,sailing,0,0,0,
471888446,Alan Campbell,GBR,male,1983-05-09,1.91,96,rowing,0,0,0,
275659106,Alan Hatherly,RSA,male,1996-03-15,1.78,62,cycling,0,0,0,
488926827,Alan Sinclair,GBR,male,1985-10-16,1.92,96,rowing,0,0,0,
386179468,Alan Sothern,IRL,male,1987-07-28,1.78,76,hockey,0,0,0,
68100583,Alana Barber,NZL,female,1987-07-08,1.63,52,athletics,0,0,0,
662496867,Alana Boyd,AUS,female,1984-05-10,1.71,59,athletics,0,0,0,
812220330,Alanna Kennedy,AUS,female,1995-01-21,1.76,63,football,0,0,0,
923852920,Alastair Brogdon,GBR,male,1987-11-10,1.83,76,hockey,0,0,0,
533114803,Alba Torrens,ESP,female,1989-08-30,1.91,68,basketball,0,1,0,
551413911,Albachir Mouctar,NIG,male,1995-05-01,1.78,76,aquatics,0,0,0,
92096398,Albane Valenzuela,SUI,female,1997-12-17,1.74,58,golf,0,0,0,
930879907,Albert Espanol Lifante,ESP,male,1985-10-29,1.89,86,aquatics,0,0,0,
596935178,Albert Gaun,RUS,male,1992-06-21,1.85,80,taekwondo,0,0,0,
70764024,Albert Hermoso Farras,ESP,male,1978-08-28,1.68,65,equestrian,0,0,0,
172435291,Albert Kibichii Rop,BRN,male,1992-07-17,1.77,63,athletics,0,0,0,
389597142,Albert Puig Garrich,ESP,male,1994-04-01,1.84,78,aquatics,0,0,0,
184326688,Albert Ramon Ramirez,VEN,male,1992-05-07,1.82,,boxing,0,0,0,
100190722,Albert Ramos-Vinolas,ESP,male,1988-01-17,1.88,80,tennis,0,0,0,
366742302,Albert Saritov,ROU,male,1985-07-08,1.88,100,wrestling,0,0,1,
670559048,Albert Selimov,AZE,male,1986-04-05,1.71,,boxing,0,0,0,
124573287,Albert Subirats,VEN,male,1986-09-25,1.90,85,aquatics,0,0,0,
635016740,Alberth Bravo,VEN,male,1987-08-29,1.99,88,athletics,0,0,0,
502881474,Alberth Elis,HON,male,1996-02-12,1.84,77,football,0,0,0,
583503806,Albertina Cruz Kassoma,ANG,female,1996-06-12,1.92,105,handball,0,0,0,
804217525,Alberto Alvarez,MEX,male,1991-03-08,1.91,78,athletics,0,0,0,
331799449,Alberto Ezequiel Melian,ARG,male,1990-01-02,1.70,,boxing,0,0,0,
532248667,Alberto Fernandez,ESP,male,1983-06-16,1.80,115,shooting,0,0,0,
566773050,Alberto Ignacio Palmetta,ARG,male,1990-04-05,1.75,,boxing,0,0,0,
220269839,Alberto Munarriz Egana,ESP,male,1994-05-19,1.98,105,aquatics,0,0,0,
861268031,Alberto Ricchetti,ITA,male,1985-05-26,1.86,88,canoe,0,0,0,
663206046,Albin Lagergren,SWE,male,1992-09-11,1.86,94,handball,0,0,0,
966601149,Albina Shakirova,RUS,female,1987-03-30,1.65,50,shooting,0,0,0,
74286490,Aldemir da Silva Junior,BRA,male,1992-06-08,1.93,80,athletics,0,0,0,
46123715,Aldo Montano,ITA,male,1978-11-18,1.84,82,fencing,0,0,0,
343089125,Alec Potts,AUS,male,1996-02-09,1.85,77,archery,0,0,1,
210525666,Aleixo-Platini Menga,GER,male,1987-09-29,1.82,82,athletics,0,0,0,
969294495,Alejandra Betancur,COL,female,1987-06-13,1.60,82,rugby sevens,0,0,0,
388913856,Alejandra Garza Garza,MEX,female,1991-08-01,1.65,75,weightlifting,0,0,0,
883610308,Alejandra Jhonay Benitez Romero,VEN,female,1980-07-07,1.69,62,fencing,0,0,0,
694204413,Alejandra Llaneza,MEX,female,1988-05-31,1.58,48,golf,0,0,0,
400375379,Alejandra Orozco,MEX,female,1997-04-19,1.57,56,aquatics,0,0,0,
151538357,Alejandra Ortega,MEX,female,1994-07-08,1.65,57,athletics,0,0,0,
281414786,Alejandra Quereda,ESP,female,1992-07-24,1.75,54,gymnastics,0,1,0,
471263119,Alejandra Teran,MEX,female,1991-01-20,1.76,73,fencing,0,0,0,
929131268,Alejandra Valencia,MEX,female,1994-10-17,1.75,74,archery,0,0,0,
419155357,Alejandra Zavala Vazquez,MEX,female,1984-06-16,1.65,85,shooting,0,0,0,
440339638,Alejandro Enrique Valdes Tobier,CUB,male,1988-11-18,1.65,65,wrestling,0,0,0,
691394107,Alejandro Foglia Costa,URU,male,1984-01-30,1.90,96,sailing,0,0,0,
813391088,Alejandro Valverde Belmonte,ESP,male,1980-04-25,1.77,63,cycling,0,0,0,
288835407,Aleksandar Aleksandrov,AZE,male,1990-04-09,1.89,93,rowing,0,0,0,
299839075,Aleksandar IVOVIC,MNE,male,1986-02-24,1.97,107,aquatics,0,0,0,
371740701,Aleksandar Karakasevic,SRB,male,1975-12-09,1.78,85,table tennis,0,0,0,
150583899,Aleksandar Kukolj,SRB,male,1991-09-09,1.94,94,judo,0,0,0,
156829148,Aleksandar Nikolov,BUL,male,1992-06-18,1.85,75,aquatics,0,0,0,
39610779,Aleksandar RADOVIC,MNE,male,1987-02-24,1.91,98,aquatics,0,0,0,
150706476,Aleksandr Krasnykh,RUS,male,1995-06-19,1.88,80,aquatics,0,0,0,
461398245,Aleksandr Lipatov,RUS,male,1981-06-10,1.84,77,canoe,0,0,0,
825626228,Aleksandr Markov,RUS,male,1985-05-26,1.79,70,equestrian,0,0,0,
26501082,Aleksandr Popkov,RUS,male,1994-12-27,1.85,80,aquatics,0,0,0,
442737224,Aleksandr Sadovnikov,RUS,male,1996-09-21,1.93,85,aquatics,0,0,0,
928101165,Aleksandra Cotti,ITA,female,1988-12-13,1.67,65,aquatics,0,1,0,
15347644,Aleksandra Crvendakic,SRB,female,1996-03-17,1.87,76,basketball,0,0,1,
398269007,Aleksandra Jarmolinska,POL,female,1990-09-06,1.60,67,shooting,0,0,0,
344407164,Aleksandra Krunic,SRB,female,1993-03-15,1.63,55,tennis,0,0,0,
598990857,Aleksandra Patskevich,RUS,female,1988-11-04,1.69,49,aquatics,1,0,0,
832551080,Aleksandra Romanova,KAZ,female,1990-12-26,1.68,58,athletics,0,0,0,
778823226,Aleksandra Socha,POL,female,1982-03-30,1.74,66,fencing,0,0,0,
146965989,Aleksandra Urbanczyk,POL,female,1987-11-13,1.72,64,aquatics,0,0,0,
265023366,Aleksandrs Samoilovs,LAT,male,1985-04-06,1.96,98,volleyball,0,0,0,
282139882,Aleksei Brianskii,RUS,male,1997-09-14,1.92,82,aquatics,0,0,0,
646633611,Aleksei Kurbatov,RUS,male,1994-05-09,,,cycling,0,0,0,
200955001,Aleksejs Rumjancevs,LAT,male,1986-02-13,1.85,90,canoe,0,0,0,
285964258,Aleksejs Saramotins,LAT,male,1982-04-08,1.85,75,cycling,0,0,0,
169040459,Aleksey Mochalov,UZB,male,1990-02-13,1.86,90,canoe,0,0,0,
191984367,Aleksi Ojala,FIN,male,1992-12-09,1.80,62,athletics,0,0,0,
462274321,Alemu Bekele,BRN,male,1990-03-23,1.62,59,athletics,0,0,0,
571628094,Alen Zasieiev,UKR,male,1988-10-10,1.85,125,wrestling,0,0,0,
871020123,Alena Abramchuk,BLR,female,1988-02-14,1.82,95,athletics,0,0,0,
603507285,Alena Amialiusik,BLR,female,1989-02-06,1.69,52,cycling,0,0,0,
390806588,Alena Furman,BLR,female,1991-05-08,1.79,65,rowing,0,0,0,
84230211,Alena Sharp,CAN,female,1981-03-07,1.68,69,golf,0,0,0,
30712954,Alena Sobaleva,BLR,female,1993-05-11,1.78,87,athletics,0,0,0,
906750380,Alesha Widdall,USA,female,1990-01-03,1.73,65,hockey,0,0,0,
779596907,Alessandra Aguilar,ESP,female,1978-07-01,1.65,50,athletics,0,0,0,
236415837,Alessandra Patelli,ITA,female,1991-11-17,1.80,70,rowing,0,0,0,
820764186,Alessandra Perilli,SMR,female,1988-04-01,1.69,73,shooting,0,0,0,
630246233,Alessandro De Marchi,ITA,male,1986-05-19,1.81,66,cycling,0,0,0,
24174970,Alessandro Fabian,ITA,male,1988-01-07,1.86,77,triathlon,0,0,0,
213338722,Alessandro Nora,ITA,male,1987-05-24,1.91,85,aquatics,0,0,1,
346410285,Alessandro Velotto,ITA,male,1995-02-12,1.86,85,aquatics,0,0,1,
5076328,Alessia Gennari,ITA,female,1991-11-03,1.84,68,volleyball,0,0,0,
559742871,Alessia Maurelli,ITA,female,1996-08-22,1.68,48,gymnastics,0,0,0,
488353513,Alessia Orro,ITA,female,1998-07-18,1.80,74,volleyball,0,0,0,
767623428,Alessia Polieri,ITA,female,1994-10-21,1.63,55,aquatics,0,0,0,
389711690,Alessia Trost,ITA,female,1993-03-08,1.88,70,athletics,0,0,0,
636505415,Aletta Jorritsma,NED,female,1989-05-17,1.86,76,rowing,0,0,0,
746309995,Alev Kelter,USA,female,1991-03-21,1.68,74,rugby sevens,0,0,0,
178787882,Alex Abrines,ESP,male,1993-08-01,1.98,93,basketball,0,0,1,
527236860,Alex Amankwah,GHA,male,1992-03-02,,,athletics,0,0,0,
24122998,Alex Beddoes,COK,male,1995-07-09,1.81,74,athletics,0,0,0,
334218519,Alex Bowen,USA,male,1993-09-04,1.96,102,aquatics,0,0,0,
962040149,Alex Casasayas,ESP,male,1988-02-17,1.83,78,hockey,0,0,0,
794799982,Alex Cejka,GER,male,1970-12-02,1.68,65,golf,0,0,0,
566695148,Alex Garcia,BRA,male,1980-03-04,1.92,102,basketball,0,0,0,
204746498,Alex Garcia Mendoza,CUB,male,1993-06-02,1.86,110,judo,0,0,0,
544745828,Alex Gregory,GBR,male,1984-03-11,1.98,97,rowing,1,0,0,
851889356,Alex Hua Tian,CHN,male,1989-10-25,1.90,70,equestrian,0,0,0,
212901658,Alex Kennedy,NZL,male,1992-10-13,1.96,96,rowing,0,0,0,
967635529,Alex Maloney,NZL,female,1992-03-19,1.58,56,sailing,0,1,0,
723568012,Alex Morgan,USA,female,1989-07-02,1.70,59,football,0,0,0,
531765497,Alex Obert,USA,male,1991-12-18,1.96,105,aquatics,0,0,0,
557501936,Alex Ranghieri,ITA,male,1987-06-18,2.00,94,volleyball,0,0,0,
240862321,Alex Roelse,USA,male,1995-01-10,2.04,115,aquatics,0,0,0,
107240268,Alex Rose,SAM,male,1991-11-17,,,athletics,0,0,0,
58596600,Alex Sobers,BAR,male,1998-11-13,1.88,66,aquatics,0,0,0,
703205900,Alex William Pombo Silva,BRA,male,1988-07-21,1.74,73,judo,0,0,0,
636907352,Alex Wright,IRL,male,1990-12-19,1.75,62,athletics,0,0,0,
893073673,Alex di Giorgio,ITA,male,1990-07-28,1.85,75,aquatics,0,0,0,
644656107,Alexa Moreno,MEX,female,1994-08-08,1.47,45,gymnastics,0,0,0,
898510239,Alexander Belonogoff,AUS,male,1990-04-17,1.87,90,rowing,0,1,0,
583622968,Alexander Brouwer,NED,male,1989-11-03,1.98,90,volleyball,0,0,1,
771200886,Alexander Bryukhankov,RUS,male,1987-04-12,1.84,79,triathlon,0,0,0,
525300567,Alexander Bury,BLR,male,1987-09-14,1.84,94,tennis,0,0,0,
750329482,Alexander Choupenitch,CZE,male,1994-05-02,1.96,89,fencing,0,0,0,
737791847,Alexander Edmondson,AUS,male,1993-12-22,1.84,76,cycling,0,1,0,
3104691,Alexander Fransson,SWE,male,1994-04-02,1.80,75,football,0,0,0,
100528515,Alexander Gehbauer,AUT,male,1990-04-24,1.85,70,cycling,0,0,0,
515896035,Alexander Hartmann,AUS,male,1993-03-07,1.98,91,athletics,0,0,0,
986385043,Alexander Hendrickx,BEL,male,1993-08-06,1.85,82,hockey,0,0,0,
711926626,Alexander Hill,AUS,male,1993-03-11,1.93,91,rowing,0,1,0,
45190859,Alexander Horst,AUT,male,1982-12-20,1.86,88,volleyball,0,0,0,
724710281,Alexander Huber,AUT,male,1985-07-25,1.79,64,volleyball,0,0,0,
604407494,Alexander John,GER,male,1986-05-03,1.85,84,athletics,0,0,0,
300967214,Alexander Karwoski,USA,male,1990-09-16,1.94,90,rowing,0,0,0,
41863727,Alexander Kosenkow,GER,male,1977-03-14,1.78,74,athletics,0,0,0,
5256036,Alexander Leksell,SWE,male,1997-02-14,1.76,78,football,0,0,0,
37893138,Alexander Lerionka Sampao,KEN,male,1996-12-31,,67,athletics,0,0,0,
911821683,Alexander Lesun,RUS,male,1988-07-01,1.85,74,modern pentathlon,1,0,0,
703140166,Alexander Lloyd,AUS,male,1990-12-17,1.89,89,rowing,0,0,0,
994257957,Alexander Massialas,USA,male,1994-04-20,1.88,81,fencing,0,1,1,
517168133,Alexander Milosevic,SWE,male,1992-01-30,1.92,77,football,0,0,0,
589365060,Alexander Molerio Quintana,CUB,male,1991-09-19,1.69,75,shooting,0,0,0,
536913332,Alexander Naddour,USA,male,1991-03-04,1.71,70,gymnastics,0,0,1,
110525640,Alexander Peya,AUT,male,1980-06-27,1.82,80,tennis,0,0,0,
658069337,Alexander Russo,BRA,male,1994-07-26,1.73,61,athletics,0,0,0,
648973939,Alexander Schmirl,AUT,male,1989-09-19,1.76,95,shooting,0,0,0,
961318209,Alexander Shatilov,ISR,male,1987-03-22,1.83,77,gymnastics,0,0,0,
909129710,Alexander Shibaev,RUS,male,1990-09-09,1.92,80,table tennis,0,0,0,
452039868,Alexander Sigurbjornsson,ESP,male,1988-12-13,1.80,80,rowing,0,0,0,
484197906,Alexander Sukhorukov,RUS,male,1988-02-22,1.96,93,aquatics,0,0,0,
120799596,Alexander Volkov,RUS,male,1985-02-14,2.10,90,volleyball,0,0,0,
745034260,Alexandr Spac,MDA,male,1989-11-21,1.64,77,weightlifting,0,0,0,
188141447,Alexandr Yemelyanov,KAZ,male,1984-01-01,1.84,97,canoe,0,0,0,
928138606,Alexandr Zaichikov,KAZ,male,1992-08-17,1.80,105,weightlifting,0,0,1,
878621949,Alexandra Burghardt,GER,female,1994-04-28,1.81,70,athletics,0,0,0,
566681185,Alexandra Danson,GBR,female,1985-05-21,1.67,56,hockey,1,0,0,
612116227,Alexandra Hagan,AUS,female,1991-03-21,1.82,75,rowing,0,0,0,
383231190,Alexandra Keresztesi,ARG,female,1983-04-26,1.83,72,canoe,0,0,0,
191014767,Alexandra Lacrabere,FRA,female,1987-04-27,1.77,73,handball,0,1,0,
486083635,Alexandra Longova,SVK,female,1994-02-07,1.73,51,archery,0,0,0,
30769207,Alexandra Martinez,BRA,female,1981-09-16,1.77,68,handball,0,0,0,
921114489,Alexandra Mirca,MDA,female,1993-10-11,1.68,70,archery,0,0,0,
338753895,Alexandra Nemich,KAZ,female,1995-01-03,1.68,46,aquatics,0,0,0,
599952871,Alexandra Oquendo,PUR,female,1984-02-03,1.89,75,volleyball,0,0,0,
125810149,Alexandra Popp,GER,female,1991-04-06,1.74,65,football,1,0,0,
891965491,Alexandra Privalova,BLR,female,1987-10-29,1.78,66,table tennis,0,0,0,
71010173,Alexandra Raisman,USA,female,1994-05-25,1.58,52,gymnastics,1,2,0,
256577556,Alexandra Razarenova,RUS,female,1990-07-17,1.68,56,triathlon,0,0,0,
692519892,Alexandra Tavernier,FRA,female,1993-12-13,1.70,82,athletics,0,0,0,
443690040,Alexandra Touretski,SUI,female,1994-09-20,1.70,58,aquatics,0,0,0,
475551107,Alexandra Wenk,GER,female,1995-02-07,1.80,63,aquatics,0,0,0,
872947130,Alexandra Wester,GER,female,1994-03-21,1.80,64,athletics,0,0,0,
753747706,Alexandre Ayache,FRA,male,1982-09-20,1.80,80,equestrian,0,0,0,
356907302,Alexandre Bouzaid,SEN,male,1981-06-29,1.68,75,fencing,0,0,0,
538814395,Alexandre Camarasa,FRA,male,1987-06-10,1.93,100,aquatics,0,0,0,
333303277,Alexandre Camargo,BRA,male,1999-04-25,1.77,75,fencing,0,0,0,
718560734,Alexandre Haldemann,SUI,male,1995-03-08,1.86,81,aquatics,0,0,0,
203028845,Alexandre Iddir,FRA,male,1991-02-21,1.84,90,judo,0,0,0,
391830541,Alexandre de Paeuw,BEL,male,1988-10-07,1.78,75,hockey,0,0,0,
350839117,Alexandres Gounas,GRE,male,1989-10-03,1.79,73,aquatics,0,0,0,
72024697,Alexandrina Cabral,ESP,female,1986-05-05,1.75,62,handball,0,0,0,
17092453,Alexandro Pozzer,BRA,male,1988-12-21,1.92,107,handball,0,0,0,
809372786,Alexandros Papamichail,GRE,male,1988-09-18,1.78,63,athletics,0,0,0,
992947913,Alexei Klimov,RUS,male,1975-08-27,1.82,88,shooting,0,0,0,
621322055,Alexei Sancov,MDA,male,1999-10-15,1.88,85,aquatics,0,0,0,
434694198,Alexej Prochorow,GER,male,1990-03-30,1.91,138,weightlifting,0,0,0,
271488726,Alexey Alipov,RUS,male,1975-08-07,1.74,80,shooting,0,0,0,
251192385,Alexey Cheremisinov,RUS,male,1985-07-09,1.83,75,fencing,1,0,0,
318060996,Alexey Denisenko,RUS,male,1993-08-30,1.85,68,taekwondo,0,1,0,
221070420,Alexey Dergunov,KAZ,male,1984-09-16,1.87,95,canoe,0,0,0,
333787984,Alexey Verbov,RUS,male,1982-01-31,1.83,79,volleyball,0,0,0,
527521403,Alexey Yakimenko,RUS,male,1983-10-31,1.84,80,fencing,0,0,0,
448880966,Alexi Pappas,GRE,female,1990-03-28,,,athletics,0,0,0,
524151751,Alexis Gonzalez,ARG,male,1981-07-21,1.84,85,volleyball,0,0,0,
491625914,Alexis Raynaud,FRA,male,1994-08-19,1.72,78,shooting,0,0,1,
166278707,Alexis Santos,POR,male,1992-03-23,1.85,74,aquatics,0,0,0,
697622072,Alexis Soto,ARG,male,1993-10-20,1.64,66,football,0,0,0,
194257222,Alexis Vuillermoz,FRA,male,1988-06-01,1.73,60,cycling,0,0,0,
860974311,Alexus Laird,SEY,female,1993-03-11,1.72,61,aquatics,0,0,0,
108252301,Alfonso Antonio Leyva Yepez,MEX,male,1993-01-06,1.81,85,wrestling,0,0,0,
231869553,Alfonso Benavides Lopez de Ayala,ESP,male,1991-03-09,1.82,86,canoe,0,0,0,
475919800,Alfred Kipketer,KEN,male,1996-12-28,1.67,60,athletics,0,0,0,
450635887,Alfredo Campo,ECU,male,1993-03-02,1.92,90,cycling,0,0,0,
736830151,Alfredo Talavera,MEX,male,1982-09-18,1.88,84,football,0,0,0,
233231940,Alhussein Gambour,LBA,male,1989-08-21,1.75,68,rowing,0,0,0,
604740736,Ali Adnan,IRQ,male,1993-12-19,1.80,76,football,0,0,0,
461686848,Ali Elghrari,LBA,male,1997-01-31,,,archery,0,0,0,
668278260,Ali Eren Demirezen,TUR,male,1990-04-02,1.89,,boxing,0,0,0,
737778764,Ali Faez,IRQ,male,1994-09-09,1.84,75,football,0,0,0,
800154411,Ali Hashemi,IRI,male,1991-11-01,1.78,93,weightlifting,0,0,0,
931441337,Ali Hisny,IRQ,male,1994-05-23,1.77,70,football,0,0,0,
670890480,Ali Kaya,TUR,male,1994-04-20,1.75,54,athletics,0,0,0,
732766543,Ali Khalafalla,EGY,male,1996-05-13,1.82,78,aquatics,0,0,0,
702507964,Ali Khamis Khamis,BRN,male,1995-06-30,1.82,70,athletics,0,0,0,
969053827,Ali Krieger,USA,female,1984-07-28,1.68,63,football,0,0,0,
716391442,Ali Messaoudi,ALG,male,1995-10-13,1.78,63,athletics,0,0,0,
768503351,Ali Nouisri,TUN,male,1994-01-20,1.84,75,cycling,0,0,0,
853472045,Ali Pakdaman,IRI,male,1990-08-23,1.93,94,fencing,0,0,0,
89809268,Ali Riley,NZL,female,1987-10-30,1.63,57,football,0,0,0,
472145214,Ali Suljic,SWE,male,1997-09-18,1.89,80,football,0,0,0,
429169523,Ali Yousef Al Rumaihi,QAT,male,1981-08-26,1.77,86,equestrian,0,0,0,
220820586,Ali Zein Mohamed,EGY,male,1990-12-14,1.90,83,handball,0,0,0,
76451177,Alia Atkinson,JAM,female,1988-12-11,1.73,71,aquatics,0,0,0,
432850961,Alia Saeed Mohammed,UAE,female,1993-11-13,1.58,54,athletics,0,0,0,
502227727,Aliaksandr Bersanau,BLR,male,1992-09-01,1.76,94,weightlifting,0,0,0,
23998076,Aliaksandr Buikevich,BLR,male,1984-11-19,1.91,80,fencing,0,0,0,
564017885,Aliaksandr Liakhovich,BLR,male,1989-07-04,1.72,65,athletics,0,0,0,
68967384,Aliaksandra Herasimenia,BLR,female,1985-12-31,1.74,58,aquatics,0,0,1,
775336377,Aliaksandra Tarasava,BLR,female,1988-06-23,1.70,64,basketball,0,0,0,
185532375,Aliaksei Mzhachyk,BLR,male,1996-06-30,1.90,136,weightlifting,0,0,0,
481292461,Alican Kaynar,TUR,male,1988-10-30,1.91,98,sailing,0,0,0,
198660870,Alice Aprot Nawowuna,KEN,female,1994-01-02,1.52,54,athletics,0,0,0,
824189087,Alice Ingley,AUS,female,1993-01-13,1.72,80,archery,0,0,0,
200278263,Alice Mizzau,ITA,female,1993-03-18,1.80,65,aquatics,0,0,0,
273156241,Alice Naber-Lozeman,NED,female,1971-05-07,1.68,62,equestrian,0,0,0,
713167631,Alice Richardson,GBR,female,1987-05-14,1.72,69,rugby sevens,0,0,0,
965421454,Alice Schlesinger,GBR,female,1988-05-26,1.65,65,judo,0,0,0,
693106463,Alice Sinno,ITA,female,1992-09-08,1.75,69,sailing,0,0,0,
350838880,Alice Sotero,ITA,female,1991-05-28,1.66,53,modern pentathlon,0,0,0,
598475958,Alicia Blagg,GBR,female,1996-10-21,1.65,65,aquatics,0,0,0,
537043954,Alicia Brown,CAN,female,1990-01-21,1.65,57,athletics,0,0,0,
247476216,Alicia Cebrian Martinez de Lagos,ESP,female,1983-02-03,1.68,68,sailing,0,0,0,
556923374,Alicia Coutts,AUS,female,1987-09-14,1.76,69,aquatics,0,0,0,
906544891,Alicia Magaz,ESP,female,1994-05-24,1.61,60,hockey,0,0,0,
404345231,Alicia Quirk,AUS,female,1992-03-28,1.73,64,rugby sevens,1,0,0,
284199636,Alicja Tchorz,POL,female,1992-08-13,1.76,68,aquatics,0,0,0,
297498164,Alin Alexuc Ciurariu,ROU,male,1990-02-03,1.91,105,wrestling,0,0,0,
667093236,Alin Coste,ROU,male,1992-02-17,2.01,95,aquatics,0,0,0,
991471809,Alin George Moldoveanu,ROU,male,1983-05-03,1.73,73,shooting,0,0,0,
146849551,Alina Armas,NAM,female,1983-12-10,1.66,53,athletics,0,0,0,
9436047,Alina Fodorova,UKR,female,1989-07-31,1.75,65,athletics,0,0,0,
452472549,Alina Komashchuk,UKR,female,1993-04-24,1.69,75,fencing,0,1,0,
26321098,Alina Logvynenko,UKR,female,1990-07-18,1.80,67,athletics,0,0,0,
564738938,Alina Rotaru,ROU,female,1993-06-05,1.75,57,athletics,0,0,0,
130594149,Alina Stadnik Makhynia,UKR,female,1991-01-03,1.65,69,wrestling,0,0,0,
137031539,Alina Talay,BLR,female,1989-05-14,1.64,57,athletics,0,0,0,
315643745,Aline,BRA,female,1989-04-15,1.62,60,football,0,0,0,
902987523,Aline Focken,GER,female,1991-05-10,1.77,73,wrestling,0,0,0,
215286232,Aline da Silva Ferreira,BRA,female,1986-10-18,1.78,80,wrestling,0,0,0,
833092832,Aliona Dubitskaya,BLR,female,1990-01-25,1.80,76,athletics,0,0,0,
790705612,Alireza Khojasteh,IRI,male,1997-03-28,1.82,66,judo,0,0,0,
891915962,Alireza Mohammad Karimimachiani,IRI,male,1994-03-21,1.75,86,wrestling,0,0,0,
473463517,Alisa Kano,USA,female,1994-11-07,1.63,47,gymnastics,0,0,0,
572752822,Alisa Kiriliuk,RUS,female,1990-07-09,1.65,57,sailing,0,0,0,
269057885,Alise Post,USA,female,1991-01-17,1.58,56,cycling,0,1,0,
893065758,Alisha Glass,USA,female,1988-04-05,1.84,72,volleyball,0,0,1,
409870387,Alison Cerutti,BRA,male,1985-12-07,2.03,102,volleyball,1,0,0,
376187965,Alison Young,GBR,female,1987-05-29,1.82,70,sailing,0,0,0,
164566610,Alistair Bond,NZL,male,1989-08-16,1.86,71,rowing,0,0,0,
198533399,Alistair Brownlee,GBR,male,1988-04-23,1.84,70,triathlon,1,0,0,"The current Olympic and European champion, Great Britainâ€™s Alistair Brownlee also won two world championships, in 2009 and 2011. Introduced to the sport by his uncle Simon, at London 2012 he made the podium alongside his brother Jonathan, who took bronze."
901422043,Aliya Mustafina,RUS,female,1994-09-30,1.61,48,gymnastics,1,1,1,
340019479,Aliyah Abrams,GUY,female,1997-04-03,1.63,53,athletics,0,0,0,
248018989,Alize Cornet,FRA,female,1990-01-22,1.73,63,tennis,0,0,0,
777919762,Alla Cherkasova,UKR,female,1989-05-05,1.65,75,wrestling,0,0,0,
848336898,Alla Shishkina,RUS,female,1989-08-02,1.70,56,aquatics,1,0,0,
511388917,Allan Banegas,HON,male,1993-10-04,1.80,76,football,0,0,0,
638093339,Allan Fa'alava'au,AUS,male,1993-11-15,1.70,87,rugby sevens,0,0,0,
146313505,Allan Gutierrez,HON,male,1993-08-12,1.78,79,aquatics,0,0,0,
32531728,Allan Julie,SEY,male,1977-03-23,1.81,91,sailing,0,0,0,
40527372,Allan Norregaard,DEN,male,1981-03-19,1.73,67,sailing,0,0,0,
846754382,Allan do carmo,BRA,male,1989-08-03,1.74,73,aquatics,0,0,0,
165223366,Allans Vargas,HON,male,1993-09-25,1.84,69,football,0,0,0,
823501763,Allar Raja,EST,male,1983-06-22,1.90,95,rowing,0,0,1,
531225990,Allie Long,USA,female,1987-08-13,1.72,59,football,0,0,0,
373002185,Allison Beveridge,CAN,female,1993-06-01,1.69,62,cycling,0,0,1,
606328661,Allison M. Brock,USA,female,1979-12-07,1.68,58,equestrian,0,0,1,
68050568,Allison Pineau,FRA,female,1989-05-02,1.81,66,handball,0,1,0,
944908522,Allison Schmitt,USA,female,1990-06-07,1.86,74,aquatics,1,1,0,
881130710,Allistar Clarke,SKN,male,1990-10-03,1.87,71,athletics,0,0,0,
686662012,Allysha Chapman,CAN,female,1989-01-25,1.60,58,football,0,0,1,
629649792,Allyson Felix,USA,female,1985-11-18,1.68,56,athletics,2,1,0,"A holder of nine world titles, sprinter Allyson Felix has won four golds and two silvers from the last three Olympic Games, since Athens 2004. At London 2012, she took gold in the 200m and 4x100m and 4x400m relays."
742474119,Allyson Ponson,ARU,female,1995-12-04,1.65,60,aquatics,0,0,0,
830602816,Almat Kebispayev,KAZ,male,1987-12-12,1.66,59,wrestling,0,0,0,
9410967,Almaz Ayana,ETH,female,1991-11-21,1.66,47,athletics,1,0,1,
949130459,Almir Velagic,GER,male,1981-08-22,1.83,149,weightlifting,0,0,0,
712627786,Almuth Schult,GER,female,1991-02-09,1.80,71,football,1,0,0,
300655502,Alona Koshevatskiy,ISR,female,1997-10-08,1.70,53,gymnastics,0,0,0,
673430,Alona Ribakova,LAT,female,1991-02-07,1.76,63,aquatics,0,0,0,
506696121,Alonso Edward,PAN,male,1989-12-08,1.81,76,athletics,0,0,0,
396920712,Alonso Valdez Prado,PER,male,1978-01-23,1.70,68,equestrian,0,0,0,
791528062,Alonzo Russell,BAH,male,1992-02-08,,,athletics,0,0,1,
860469603,Alphas Leken Kishoyian,KEN,male,1994-01-01,1.67,59,athletics,0,0,0,
601227072,Alphonce Felix Simbu,TAN,male,1992-02-14,,55,athletics,0,0,0,
46528538,Altobeli da Silva,BRA,male,1990-12-03,1.81,60,athletics,0,0,0,
344062200,Alvaro Doda de Miranda,BRA,male,1973-02-05,1.86,86,equestrian,0,0,0,
940428888,Alvaro Iglesias,ESP,male,1993-03-01,1.78,79,hockey,0,0,0,
407705493,Alvaro Martin,ESP,male,1994-06-18,1.79,63,athletics,0,0,0,
349070925,Alvaro de Arriba,ESP,male,1994-06-02,1.77,69,athletics,0,0,0,
198544112,Alvin Singh,FIJ,male,1988-06-09,1.85,88,football,0,0,0,
350021262,Alyce Burnett,AUS,female,1992-08-11,1.82,71,canoe,0,0,0,
362885756,Alyn Camara,GER,male,1989-03-31,1.96,84,athletics,0,0,0,
317210453,Alysbeth Felix,PUR,female,1993-03-07,1.71,59,athletics,0,0,0,
746918674,Alysha Newman,CAN,female,1994-06-29,1.72,67,athletics,0,0,0,
299325832,Alyson Dixon,GBR,female,1978-09-24,1.55,43,athletics,0,0,0,
192794585,Alyssa Bull,AUS,female,1995-12-01,1.73,65,canoe,0,0,0,
479973349,Alyssa Conley,RSA,female,1991-04-27,1.76,63,athletics,0,0,0,
61804195,Alyssa Manley,USA,female,1994-05-27,1.58,53,hockey,0,0,0,
360098950,Alyssa Naeher,USA,female,1988-04-20,1.75,61,football,0,0,0,
431586792,Alyxandria Treasure,CAN,female,1992-05-15,1.55,68,athletics,0,0,0,
461802696,Alzbeta Dufkova,CZE,female,1990-04-19,1.72,65,aquatics,0,0,0,
401938001,Amadou Camara,GUI,male,1994-09-10,1.63,69,aquatics,0,0,0,
312519582,Amadou Ndiaye,SEN,male,1992-12-06,1.80,80,athletics,0,0,0,
974097069,Amaia Erbina,ESP,female,1997-03-13,1.71,68,rugby sevens,0,0,0,
595234401,Amaka Ogoegbunam,NGR,female,1990-03-03,1.64,61,athletics,0,0,0,
605176733,Amalie Dideriksen,DEN,female,1996-05-24,1.75,62,cycling,0,0,0,
398682051,Amalie Iuel,NOR,female,1994-04-17,,,athletics,0,0,0,
543039949,Amalie Thomsen,DEN,female,1994-09-12,1.66,60,canoe,0,0,0,
424274474,Amaliya Sharoyan,ARM,female,1988-06-19,1.70,56,athletics,0,0,0,
684370128,Aman Wote,ETH,male,1984-04-18,1.83,68,athletics,0,0,0,
991318461,Amanda Araujo,BRA,female,1990-02-23,1.62,54,rugby sevens,0,0,0,
574915810,Amanda Carr,THA,female,1990-06-24,1.65,60,cycling,0,0,0,
461754486,Amanda Dlamini,RSA,female,1988-07-22,1.64,61,football,0,0,0,
960382539,Amanda Elmore,USA,female,1991-03-13,1.81,79,rowing,1,0,0,
403367229,Amanda Ilestedt,SWE,female,1993-01-17,1.78,65,football,0,0,0,
557518345,Amanda Kurtovic,NOR,female,1991-07-25,1.75,,handball,0,0,1,
343711251,Amanda Ng,SIN,female,1994-05-03,1.70,68,sailing,0,0,0,
936271742,Amanda Oliveira,BRA,female,1987-01-06,1.69,58,aquatics,0,0,0,
839220577,Amanda Polk,USA,female,1986-08-02,1.81,83,rowing,1,0,0,
362158810,Amanda Simeao,BRA,female,1994-06-02,1.66,62,fencing,0,0,0,
340529563,Amanda Spratt,AUS,female,1987-09-17,1.61,55,cycling,0,0,0,
118871166,Amanda Weir,USA,female,1986-03-11,1.88,77,aquatics,0,1,0,
537662343,Amandine Henry,FRA,female,1989-09-28,1.71,64,football,0,0,0,
17350450,Amandine Leynaud,FRA,female,1986-05-02,1.78,64,handball,0,1,0,
582601760,Amandine Lhote,FRA,female,1986-12-22,1.68,64,canoe,0,0,0,
994010453,Amanmurad Hommadov,TKM,male,1989-01-28,1.90,117,athletics,0,0,0,
40874614,Amanuel Mesel,ERI,male,1990-12-29,1.77,59,athletics,0,0,0,
555654573,Amar Music,CRO,male,1987-03-21,1.70,85,weightlifting,0,0,0,
347334644,Amarhajy Mahamedau,BLR,male,1990-04-12,1.84,88,wrestling,0,0,0,
156297478,Amas Daniel,NGR,male,1990-04-26,1.65,65,wrestling,0,0,0,
235304532,Amber Campbell,USA,female,1981-06-05,1.71,90,athletics,0,0,0,
518337993,Amber Hearn,NZL,female,1984-11-28,1.73,66,football,0,0,0,
843671557,Amber Hill,GBR,female,1997-08-21,1.58,52,shooting,0,0,0,
193520300,Ambroise Uwiragiye,RWA,male,1980-12-31,,,athletics,0,0,0,
458169585,Ameen Zakkar,QAT,male,1994-06-15,1.95,100,handball,0,0,0,
147471231,Ameer Webb,USA,male,1991-03-19,1.81,82,athletics,0,0,0,
39468987,Amel Bouderra,FRA,female,1989-03-26,1.63,,basketball,0,0,0,
140465357,Amel Majri,FRA,female,1993-01-25,1.64,54,football,0,0,0,
250216413,Amel Tuka,BIH,male,1991-01-09,1.87,77,athletics,0,0,0,
577293191,Amela Terzic,SRB,female,1993-01-02,1.69,54,athletics,0,0,0,
255630772,Amelia Belotti,ARG,female,1988-11-17,1.80,73,handball,0,0,0,
36505645,Amelia Cozad,USA,female,1991-05-06,1.61,51,aquatics,0,0,0,
656221142,Amelia Gibson,NZL,female,1991-07-05,1.72,71,hockey,0,0,0,
335567750,Amelia Rosa Fournel,ARG,female,1977-02-20,1.60,50,shooting,0,0,0,
310265171,Amelie Kretz,CAN,female,1993-05-19,1.68,53,triathlon,0,0,0,
68574249,Amer Hrustanovic,AUT,male,1988-06-11,1.80,91,wrestling,0,0,0,
17841864,Ami Kondo,JPN,female,1995-05-09,1.56,48,judo,0,0,1,
607523494,Amidou Mir,FRA,male,1995-01-01,1.73,78,cycling,0,0,0,
678578041,Amie Thompson,AUS,female,1996-01-31,1.67,58,aquatics,0,0,0,
811727068,Amina Bettiche,ALG,female,1987-12-14,1.65,55,athletics,0,0,0,
689435497,Amina Kajtaz,BIH,female,1996-12-31,1.73,62,aquatics,0,0,0,
409262616,Amina Rouba,ALG,female,1986-01-09,1.73,60,rowing,0,0,0,
895684177,Aminat Oluwafunmilayo Adeniyi,NGR,female,1993-04-21,1.65,58,wrestling,0,0,0,
509681869,Aminath Shajan,MDV,female,1993-10-29,,,aquatics,0,0,0,
378210672,Amine Bannour,TUN,male,1990-02-21,1.96,102,handball,0,0,0,
121680559,Amine Belferar,ALG,male,1991-02-16,1.75,65,athletics,0,0,0,
435929879,Amini Tuitavake Fonua,TGA,male,1989-12-14,1.86,80,aquatics,0,0,0,
389896499,Aminu Umar,NGR,male,1995-03-06,1.72,,football,0,0,1,
846949924,Amir Ghafour,IRI,male,1991-06-06,2.02,90,volleyball,0,0,0,
410626392,Amiran Papinashvili,GEO,male,1988-06-17,1.62,64,judo,0,0,0,
364715226,Amit Ivry,ISR,female,1989-09-02,1.70,65,aquatics,0,0,0,
529647636,Amjed Attwan,IRQ,male,1997-03-12,1.80,72,football,0,0,0,
945479307,Ammar Abdulhussein,IRQ,male,1993-02-13,1.80,76,football,0,0,0,
238039408,Ammara Pinto,MAW,female,1997-09-14,1.63,61,aquatics,0,0,0,
740490618,Amna Bakhit,SUD,female,1990-11-14,1.75,59,athletics,0,0,0,
657073926,Amnat Ruenroeng,THA,male,1979-12-18,1.64,,boxing,0,0,0,
761085260,Amor Ben Yahia,TUN,male,1985-07-01,1.76,63,athletics,0,0,0,
942970698,Amro Elgeziry,EGY,male,1986-11-29,1.85,75,modern pentathlon,0,0,0,
318291811,Amy Cragg,USA,female,1984-01-21,1.63,45,athletics,0,0,0,
872045656,Amy Cure,AUS,female,1992-12-31,1.72,63,cycling,0,0,0,
912480643,Amy Millar,CAN,female,1977-02-14,1.83,59,equestrian,0,0,0,
5024454,Amy Sene,SEN,female,1986-04-06,1.75,80,athletics,0,0,0,
460892006,Amy Tinkler,GBR,female,1999-10-27,1.52,47,gymnastics,0,0,1,
99920757,Amy Turner,AUS,female,1984-03-25,1.68,64,rugby sevens,1,0,0,
380050996,Amy Wilson Hardy,GBR,female,1991-09-13,1.67,69,rugby sevens,0,0,0,
491417402,An-Li Kachelhoffer,RSA,female,1987-08-16,1.60,50,cycling,0,0,0,
829962369,Ana Beatriz Bulcao,BRA,female,1993-12-04,1.67,58,fencing,0,0,0,
914515820,Ana Cabecinha,POR,female,1984-04-29,1.63,48,athletics,0,0,0,
714771450,Ana Claudia Silva,BRA,female,1988-11-06,1.58,56,athletics,0,0,0,
627491334,Ana Dabovic,SRB,female,1989-08-18,1.83,70,basketball,0,0,1,
697466343,Ana Derek,CRO,female,1998-09-04,1.64,58,gymnastics,0,0,0,
196047650,Ana Dulce Felix,POR,female,1982-10-23,1.66,53,athletics,0,0,0,
111502894,Ana Gallay,ARG,female,1986-01-16,1.73,66,volleyball,0,0,0,
209671126,Ana Iulia Dascal,ROU,female,2002-09-12,1.83,60,aquatics,0,0,0,
71309722,Ana Ivanovic,SRB,female,1987-11-06,1.77,63,tennis,0,0,0,
685105407,Ana Jose Tima,DOM,female,1989-10-10,1.68,56,athletics,0,0,0,
981171195,Ana Konjuh,CRO,female,1997-12-27,1.74,73,tennis,0,0,0,
575479562,Ana Luiza Barbachan,BRA,female,1989-08-15,1.71,68,sailing,0,0,0,
596603092,Ana Luiza Filiorianu,ROU,female,1999-07-10,1.64,42,gymnastics,0,0,0,
69147633,Ana Marcela Cunha,BRA,female,1992-03-23,1.65,66,aquatics,0,0,0,
865510243,Ana Maria Popescu,ROU,female,1984-11-26,1.75,64,fencing,1,0,0,
350672001,Ana Maria Rendon,COL,female,1986-03-10,1.60,63,archery,0,0,0,
453790004,Ana Paula Belo,BRA,female,1987-10-18,1.72,67,handball,0,0,0,
724211622,Ana Paula Vergutz,BRA,female,1989-04-20,1.76,71,canoe,0,0,0,
808863847,Ana Perez,ESP,female,1997-12-14,1.51,45,gymnastics,0,0,0,
272949970,Ana Ramirez,COL,female,1991-12-06,1.68,69,rugby sevens,0,0,0,
307991682,Ana Rente,POR,female,1988-04-27,1.58,53,gymnastics,0,0,0,
224508833,Ana Roqica,FIJ,female,1988-02-02,1.62,55,rugby sevens,0,0,0,
543833436,Ana Sanabria,COL,female,1990-05-02,1.56,51,cycling,0,0,0,
337538051,Ana Satila,BRA,female,1996-03-13,1.63,58,canoe,0,0,0,
953050325,Ana Simic,CRO,female,1990-05-05,1.78,57,athletics,0,0,0,
902638396,Ana Sofia Gomez,GUA,female,1995-11-24,1.56,46,gymnastics,0,0,0,
872791807,Ana Sofia Nobrega,ANG,female,1990-12-20,1.74,70,aquatics,0,0,0,
644940241,Ana Veronica Rodean,ROU,female,1984-06-23,1.70,55,athletics,0,0,0,
153868094,Ana Zaninovic,CRO,female,1987-06-26,1.72,55,taekwondo,0,0,0,
557108863,Ana-Roxana Lehaci,AUT,female,1990-08-11,1.72,64,canoe,0,0,0,
310379918,Anabel Medina Garrigues,ESP,female,1982-07-31,1.69,59,tennis,0,0,0,
241768985,Anabelle Smith,AUS,female,1993-02-03,1.68,55,aquatics,0,0,1,
867924792,Anamari Velensek,SLO,female,1991-05-15,1.78,78,judo,0,0,1,
575717728,Anamaria Ionita,ROU,female,1988-07-07,1.75,60,athletics,0,0,0,
711141982,Anas Beshr,EGY,male,1993-07-19,,,athletics,0,0,0,
922322829,Anaso Jobodwana,RSA,male,1992-07-30,1.87,71,athletics,0,0,0,
129887602,Anass Ait El Abdia,MAR,male,1993-03-21,1.80,66,cycling,0,0,0,
445010579,Anass Houssein,DJI,male,1995-01-10,1.75,66,judo,0,0,0,
320992856,Anastasia Abrosimova,RUS,female,1990-07-17,1.64,51,triathlon,0,0,0,
395443232,Anastasia Bliznyuk,RUS,female,1994-06-28,1.73,51,gymnastics,1,0,0,
630467842,Anastasia Bogdanovski,MKD,female,1993-07-30,1.74,57,aquatics,0,0,0,
301110204,Anastasia Gloushkov Leventhal,ISR,female,1985-05-24,1.65,53,aquatics,0,0,0,
823187249,Anastasia Pavlova,UKR,female,1995-02-09,1.72,53,archery,0,0,0,
42235167,Anastasia Pavlyuchenkova,RUS,female,1991-07-03,1.77,75,tennis,0,0,0,
971263231,Anastasia Rodionova,AUS,female,1982-05-12,,,tennis,0,0,0,
407491531,Anastasia Shlyakhovaya,RUS,female,1990-10-05,1.92,69,volleyball,0,0,0,
329483647,Anastasia Simanovich,RUS,female,1995-01-23,1.74,69,aquatics,0,0,1,
35258396,Anastasiia Baryshnikova,RUS,female,1990-12-19,1.73,67,taekwondo,0,0,0,
901391372,Anastasiia Beliakova,RUS,female,1993-05-01,1.73,,boxing,0,0,1,
102993308,Anastasiia Fesikova,RUS,female,1990-05-08,1.82,71,aquatics,0,0,0,
797491738,Anastasiia Hotfrid,GEO,female,1996-04-25,1.69,87,weightlifting,0,0,0,
787891097,Anastasiia Kozhenkova,UKR,female,1986-01-19,1.86,75,rowing,0,0,0,
572715750,Anastasiia Krapivina,RUS,female,1994-11-12,1.70,56,aquatics,0,0,0,
715543829,Anastasiia Lysenko,UKR,female,1995-12-02,1.76,101,weightlifting,0,0,0,
273869635,Anastasiia Maksimova,RUS,female,1991-06-27,1.70,50,gymnastics,1,0,0,
766355560,Anastasiia Nedobiga,UKR,female,1994-04-20,1.62,50,aquatics,0,0,0,
725232541,Anastasiia Tatareva,RUS,female,1997-07-19,1.65,44,gymnastics,1,0,0,
913288591,Anastasiia Todorova,UKR,female,1993-12-10,1.68,69,canoe,0,0,0,
874606295,Anastasiia Voinova,RUS,female,1993-02-05,1.62,62,cycling,0,1,0,
467136839,Anastasija Grigorjeva,LAT,female,1990-05-12,1.69,65,wrestling,0,0,0,
85844393,Anastasija Khmelnytska,GER,female,1997-12-31,1.71,56,gymnastics,0,0,0,
429085507,Anastasiya Mikhalenka,BLR,female,1995-12-08,1.62,67,weightlifting,0,0,0,
477742641,Anastasiya Prokopenko,BLR,female,1985-09-20,1.63,57,modern pentathlon,0,0,0,
204362655,Anastasiya Puzakova,BLR,female,1993-12-12,1.61,45,athletics,0,0,0,
830248205,Anastasiya Savchuk,UKR,female,1996-03-02,1.77,60,aquatics,0,0,0,
369555302,Anastasiya Serdyukova,UZB,female,1997-05-29,1.70,49,gymnastics,0,0,0,
610974773,Anastasiya Spas,UKR,female,1993-08-06,1.78,68,modern pentathlon,0,0,0,
27612186,Anastasiya Tulapina,KAZ,female,1990-03-05,1.67,54,athletics,0,0,0,
711528333,Anastasiya Tyurina,TJK,female,2001-09-27,1.65,50,aquatics,0,0,0,
422580925,Anastasiya Verameyenka,BLR,female,1987-07-10,1.92,82,basketball,0,0,0,
357399509,Anastasiya Voznyak,UKR,female,1998-12-09,1.69,49,gymnastics,0,0,0,
673911488,Anastassiya Pilipenko,KAZ,female,1986-09-13,1.74,55,athletics,0,0,0,
347049681,Anastassya Kudinova,KAZ,female,1988-02-27,1.76,60,athletics,0,0,0,
623313333,Anatolii Herey,UKR,male,1989-03-31,1.86,75,fencing,0,0,0,
234780868,Ancuta Bobocel,ROU,female,1987-10-03,1.67,49,athletics,0,0,0,
964678292,Andela Bulatovic,MNE,female,1987-01-15,1.75,67,handball,0,0,0,
775627135,Andelo Setka,CRO,male,1985-09-14,1.86,87,aquatics,0,1,0,
949150339,Ander Elosegi,ESP,male,1987-11-14,1.86,80,canoe,0,0,0,
955892799,Anders Dahl,DEN,male,1976-03-11,1.80,80,equestrian,0,0,0,
449230343,Anders Lie Nielsen,DEN,male,1991-04-11,1.86,74,aquatics,0,0,0,
289946138,Anders Pedersen,NOR,male,1992-05-04,,,sailing,0,0,0,
130198005,Anders Weiss,USA,male,1992-11-05,1.96,92,rowing,0,0,0,
248819461,Anderson Oliveira,BRA,male,1992-01-10,1.69,64,canoe,0,0,0,
292858869,Andile Dlamini,RSA,female,1992-09-02,1.69,55,football,0,0,0,
375239282,Andile Fikizolo,RSA,male,1994-05-12,1.75,69,football,0,0,0,
7192762,Andjelko Risticevic,SRB,male,1985-12-23,1.91,78,athletics,0,0,0,
995131091,Andranik Karapetyan,ARM,male,1995-12-15,1.80,77,weightlifting,0,0,0,
222880699,Andras Parti,HUN,male,1982-09-18,1.74,67,cycling,0,0,0,
257770574,Andras Redli,HUN,male,1983-10-21,1.93,82,fencing,0,0,1,
140531805,Andre,POR,male,1990-01-21,1.71,68,football,0,0,0,
511065132,Andre Breitbarth,GER,male,1990-04-06,1.91,125,judo,0,0,0,
662859051,Andre Fernando S. Martins Cardoso,POR,male,1984-09-03,1.68,57,cycling,0,0,0,
954547244,Andre Link,GER,male,1994-12-13,1.74,80,shooting,0,0,0,
580669644,Andre Matias,ANG,male,1989-06-22,1.80,76,rowing,0,0,0,
134393254,Andre Patrocinio,BRA,male,1990-02-20,1.73,74,hockey,0,0,0,
321939680,Andre Pereira,BRA,male,1993-12-07,1.85,84,aquatics,0,0,0,
890648404,Andre Sa,BRA,male,1977-05-06,1.80,75,tennis,0,0,0,
976716272,Andre Silva,BRA,male,1988-03-22,1.70,80,rugby sevens,0,0,0,
755645799,Andre Soares,BRA,male,1984-02-13,1.94,92,handball,0,0,0,
857846421,Andre de Grasse,CAN,male,1994-11-10,1.76,70,athletics,0,1,2,
174436666,Andrea Arsovic,SRB,female,1987-02-05,1.65,61,shooting,0,0,0,
974131096,Andrea Baldini,ITA,male,1985-12-19,1.75,70,fencing,0,0,0,
932784458,Andrea Brewster,IRL,female,1982-10-10,1.63,62,sailing,0,0,0,
949156252,Andrea Carolina Olaya Gutierrez,COL,female,1994-12-09,1.76,75,wrestling,0,0,0,
676115258,Andrea Cassara,ITA,male,1984-01-03,1.93,93,fencing,0,0,0,
161123035,Andrea Cedron,PER,female,1993-12-24,1.69,62,aquatics,0,0,0,
626748734,Andrea Chiarabini,ITA,male,1995-03-12,1.79,79,aquatics,0,0,0,
575091525,Andrea D'Arrigo,ITA,male,1995-04-28,1.94,85,aquatics,0,0,0,
400345706,Andrea Deelstra,NED,female,1985-03-06,1.64,46,athletics,0,0,0,
419373605,Andrea Fondelli,ITA,male,1994-02-27,1.90,96,aquatics,0,0,1,
478977690,Andrea Geubelle,USA,female,1991-06-26,1.63,58,athletics,0,0,0,
226707215,Andrea Hewitt,NZL,female,1982-04-04,1.60,50,triathlon,0,0,0,
429133485,Andrea Hlavackova,CZE,female,1986-08-10,1.74,63,tennis,0,0,0,
504132188,Andrea Ivancevic,CRO,female,1984-08-21,1.68,62,athletics,0,0,0,
158226977,Andrea Kilday,NZL,female,1982-08-05,1.61,48,taekwondo,0,0,0,
565831572,Andrea Klikovac,MNE,female,1991-05-05,1.75,73,handball,0,0,0,
65085149,Andrea Kneppers,NED,female,1993-02-24,1.75,67,aquatics,0,0,0,
187085633,Andrea Mayr,AUT,female,1979-10-15,1.74,53,athletics,0,0,0,
187152270,Andrea Micheletti,ITA,male,1991-06-22,1.87,70,rowing,0,0,0,
931620156,Andrea Miklos,ROU,female,1999-04-17,1.65,51,athletics,0,0,0,
448392462,Andrea Murez,ISR,female,1992-01-29,1.84,77,aquatics,0,0,0,
244862813,Andrea Perez Pena,ECU,female,1990-04-07,1.61,62,shooting,0,0,0,
926139240,Andrea Petkovic,GER,female,1987-09-09,1.80,70,tennis,0,0,0,
339790739,Andrea Salvisberg,SUI,male,1989-02-01,1.80,73,triathlon,0,0,0,
583417630,Andrea Santarelli,ITA,male,1993-06-03,1.84,76,fencing,0,1,0,
976796859,Andrea Seccafien,CAN,female,1990-08-27,1.52,46,athletics,0,0,0,
36880136,Andrea Tiberi,ITA,male,1985-11-15,1.83,71,cycling,0,0,0,
234036323,Andrea Toniato,ITA,male,1991-02-27,1.82,82,aquatics,0,0,0,
321087951,Andreanne Langlois,CAN,female,1993-04-01,1.58,59,canoe,0,0,0,
726050696,Andreas Bretschneider,GER,male,1989-08-04,1.67,60,gymnastics,0,0,0,
706697738,Andreas Bube,DEN,male,1987-07-13,1.78,65,athletics,0,0,0,
566684785,Andreas Chasikos,CYP,male,1984-06-07,1.75,70,shooting,0,0,0,
951348078,Andreas Kuffner,GER,male,1987-03-11,1.96,94,rowing,0,1,0,
153952805,Andreas Linde,SWE,male,1993-07-24,1.96,88,football,0,0,0,
411586865,Andreas Loew,GER,male,1982-01-19,1.77,81,shooting,0,0,0,
39605435,Andreas Maxso,DEN,male,1994-03-18,1.90,80,football,0,0,0,
435243866,Andreas Nilsson,SWE,male,1990-04-12,1.97,114,handball,0,0,0,
31739693,Andreas Pheobus Cariolou,CYP,male,1982-11-24,1.81,74,sailing,0,0,0,
713434315,Andreas Schilling,DEN,male,1991-05-25,1.85,70,triathlon,0,0,0,
773973841,Andreas Seppi,ITA,male,1984-02-21,1.90,75,tennis,0,0,0,
819478867,Andreas Toba,GER,male,1990-10-07,1.72,65,gymnastics,0,0,0,
908623609,Andreas Vazaios,GRE,male,1994-05-09,1.90,85,aquatics,0,0,0,
103646463,Andreas Wolff,GER,male,1991-03-03,1.98,110,handball,0,0,1,
294664221,Andreea Aanei,ROU,female,1993-11-18,1.70,120,weightlifting,0,0,0,
945918484,Andreea Arsine,ROU,female,1988-09-14,1.59,55,athletics,0,0,0,
755303582,Andreea Boghian,ROU,female,1991-11-29,1.86,78,rowing,0,0,1,
966630668,Andreea Chitu,ROU,female,1988-05-07,1.57,52,judo,0,0,0,
7713126,Andreea Mitu,ROU,female,1991-09-22,1.75,60,tennis,0,0,0,
882676679,Andrei Churyla,BLR,male,1993-05-19,1.89,74,athletics,0,0,0,
604822032,Andrei Gag,ROU,male,1991-04-27,1.91,120,athletics,0,0,0,
444763711,Andrei Jamsa,EST,male,1982-02-14,1.84,90,rowing,0,0,1,
494617052,Andrei Shabasov,RUS,male,1994-06-20,1.80,73,aquatics,0,0,0,
355389879,Andrei Vasile Muntean,ROU,male,1993-01-30,1.70,63,gymnastics,0,0,0,
153735693,Andrei Zamkovoi,RUS,male,1987-07-04,1.82,,boxing,0,0,0,
957911430,Andreia Bandeira,BRA,female,1987-05-03,1.69,,boxing,0,0,0,
264432420,Andreina Pinto,VEN,female,1991-09-10,1.76,68,aquatics,0,0,0,
305139050,Andrej Gacina,CRO,male,1986-05-21,1.85,85,table tennis,0,0,0,
10874144,Andrej Martin,SVK,male,1989-09-20,1.80,72,tennis,0,0,0,
681704491,Andrej Olijnik,LTU,male,1987-10-16,1.85,87,canoe,0,0,0,
448316510,Andres Arroyo,PUR,male,1995-06-07,1.77,64,athletics,0,0,0,
723895342,Andres Chocho,ECU,male,1983-11-04,1.70,66,athletics,0,0,0,
771905591,Andres Ducasse,CHI,male,1992-06-24,1.71,66,sailing,0,0,0,
669378368,Andres Eduardo Mata Perez,ESP,male,1992-11-11,1.74,76,weightlifting,0,0,0,
349842092,Andres Mauricio Caicedo Piedrahita,COL,male,1997-08-15,1.74,76,weightlifting,0,0,0,
686783587,Andres Mir,ESP,male,1987-01-25,1.80,75,hockey,0,0,0,
922616500,Andres Nocioni,ARG,male,1979-11-30,2.01,102,basketball,0,0,0,
700618156,Andres Pila,COL,male,1991-05-11,1.74,75,archery,0,0,0,
164503062,Andres Renteria,COL,male,1993-03-06,1.81,81,football,0,0,0,
446162748,Andres Roa,COL,male,1993-05-25,1.75,68,football,0,0,0,
157804987,Andres Roberto Montano Arroyo,ECU,male,1990-04-06,1.66,59,wrestling,0,0,0,
841462894,Andres Ruiz,COL,male,1988-07-16,1.64,64,athletics,0,0,0,
551708998,Andres Silva,URU,male,1986-03-27,1.78,78,athletics,0,0,0,
979721356,Andressa,BRA,female,1995-05-01,1.60,60,football,0,0,0,
715702096,Andressa Alves,BRA,female,1992-11-10,1.68,56,football,0,0,0,
721349876,Andressa de Morais,BRA,female,1990-12-21,1.78,97,athletics,0,0,0,
140014329,Andrew Amonde,KEN,male,1983-12-25,1.90,104,rugby sevens,0,0,0,
308408059,Andrew Bogut,AUS,male,1984-11-28,2.07,122,basketball,0,0,0,
169560751,Andrew Butchart,GBR,male,1991-10-14,1.75,64,athletics,0,0,0,
777045922,Andrew Campbell Jr,USA,male,1992-02-02,1.78,70,rowing,0,0,0,
871500671,Andrew Charter,AUS,male,1987-03-30,1.82,87,hockey,0,0,0,
164276381,Andrew Chetcuti,MLT,male,1992-11-19,1.77,72,aquatics,0,0,0,
207851406,Andrew Durutalo,USA,male,1987-10-25,1.88,107,rugby sevens,0,0,0,
2538424,Andrew Evans,USA,male,1991-01-25,1.99,113,athletics,0,0,0,
149520623,Andrew Fisher,BRN,male,1991-12-15,,,athletics,0,0,0,
351340396,Andrew Graham Peebles,ZIM,male,1989-01-09,1.91,87,rowing,0,0,0,
99309663,Andrew Lewis,TTO,male,1989-11-30,1.77,79,sailing,0,0,0,
165292505,Andrew Pozzi,GBR,male,1992-05-15,1.90,84,athletics,0,0,0,
926287704,Andrew Riley,JAM,male,1988-09-06,1.85,82,athletics,0,0,0,
530085605,Andrew T Hodge,GBR,male,1979-03-03,1.92,97,rowing,1,0,0,
191993260,Andrew Thomas Bisek,USA,male,1986-08-18,1.78,81,wrestling,0,0,0,
384767370,Andrew Thomas Mlugu,TAN,male,1995-11-12,1.58,73,judo,0,0,0,
665587816,Andrew Vernon,GBR,male,1986-01-07,1.82,71,athletics,0,0,0,
584794145,Andrew Willis,GBR,male,1990-12-03,1.89,88,aquatics,0,0,0,
559300154,Andrew Yorke,CAN,male,1988-12-20,1.90,75,triathlon,0,0,0,
930021019,Andrey Amador Bikkazakova,CRC,male,1986-08-29,1.83,73,cycling,0,0,0,
642024679,Andrey Ashchev,RUS,male,1983-05-10,2.02,105,volleyball,0,0,0,
213371438,Andrey Fonseca,CRC,male,1993-04-08,1.68,56,cycling,0,0,0,
915732512,Andrey Grechin,RUS,male,1987-10-21,1.99,99,aquatics,0,0,0,
967358166,Andrey Kraitor,RUS,male,1992-11-05,1.79,90,canoe,0,0,0,
927974669,Andrey Kuznetsov,RUS,male,1991-02-22,1.85,72,tennis,0,0,0,
132173574,Andrey Likhovitskiy,BLR,male,1986-06-23,1.72,66,gymnastics,0,0,0,
54828663,Andrey Mitin,RUS,male,1970-04-05,1.74,80,equestrian,0,0,0,
142867058,Andrey Petrov,UZB,male,1986-10-13,1.69,62,athletics,0,0,0,
434890755,Andrey Yerguchyov,KAZ,male,1995-04-23,1.88,100,canoe,0,0,0,
102165738,Andrey Yudin,RUS,male,1996-06-06,1.75,70,gymnastics,0,0,0,
295536761,Andrey Zeits,KAZ,male,1986-12-14,,,cycling,0,0,0,
317735498,Andri Eleftheriou,CYP,female,1984-06-19,1.62,50,shooting,0,0,0,
619323217,Andrii Govorov,UKR,male,1992-04-10,1.90,89,aquatics,0,0,0,
730965977,Andrii Khripta,UKR,male,1986-11-29,,,cycling,0,0,0,
709643676,Andrii Sienichkin,UKR,male,1991-05-01,1.75,62,gymnastics,0,0,0,
789218383,Andrija Prlainovic,SRB,male,1987-04-28,1.87,93,aquatics,1,0,0,
397768337,Andrija Sljukic,SRB,male,1995-09-08,1.96,92,rowing,0,0,0,
506743542,Andrique Allisop,SEY,male,1993-06-02,1.75,,boxing,0,0,0,
180553214,Andrius Gudzius,LTU,male,1991-02-14,2.00,130,athletics,0,0,0,
109066206,Andrius Sidlauskas,LTU,male,1997-04-06,1.87,77,aquatics,0,0,0,
910064394,Andriy Fedechko,UKR,male,1990-12-04,1.78,72,modern pentathlon,0,0,0,
856444352,Andriy Grivko,UKR,male,1983-08-07,1.80,69,cycling,0,0,0,
777498041,Andriy Kvyatkovskyy,UKR,male,1990-02-02,1.75,65,wrestling,0,0,0,
129967030,Andriy Protsenko,UKR,male,1988-05-20,1.94,80,athletics,0,0,0,
572732712,Andriy Yagodka,UKR,male,1988-07-06,1.95,85,fencing,0,0,0,
277394115,Andro Buslje,CRO,male,1986-01-04,2.00,115,aquatics,0,1,0,
526943972,Andy Murray,GBR,male,1987-05-15,1.88,85,tennis,1,0,0,"Part of the ""Big Four"", which includes the four greatest tennis players since 2000, Great Briton Andy Murray won the Olympic gold in the men's singles at London 2012 and took silver in the doubles. He recently won his second Wimbledon title, in July 2016."
551671372,Andy Ogide,NGR,male,1987-10-01,2.04,107,basketball,0,0,0,
918724681,Andy Pereira,CUB,male,1989-08-31,1.66,73,table tennis,0,0,0,
573932079,Ane Marcelle dos Santos,BRA,female,1994-01-12,1.53,53,archery,0,0,0,
259399361,Ane Santesteban Gonzalez,ESP,female,1990-12-12,1.60,48,cycling,0,0,0,
855774717,Anel Oosthuizen,RSA,female,1995-04-22,1.67,55,athletics,0,0,0,
282925578,Anette Viborg,DEN,female,1990-09-17,1.72,68,sailing,0,0,0,
868296400,Anezka Drahotova,CZE,female,1995-07-22,1.83,58,athletics,0,0,0,
26642064,Anfisa Pochkalova,UKR,female,1990-03-01,1.78,70,fencing,0,0,0,
404311165,Angel Correa,ARG,male,1995-03-09,1.74,80,football,0,0,0,
618761201,Angel Fournier Rodriguez,CUB,male,1987-12-31,1.98,108,rowing,0,0,0,
435819850,Angel Kodinov,BUL,male,1997-09-04,1.88,88,canoe,0,0,0,
303559145,Angel Lopez,ESP,male,1992-01-16,1.72,83,rugby sevens,0,0,0,
663091466,Angel McCoughtry,USA,female,1986-09-10,1.85,70,basketball,1,0,0,
283823153,Angel Pulgar,VEN,male,1989-02-07,1.74,79,cycling,0,0,0,
820102676,Angela Castro,BOL,female,1993-02-21,1.60,54,athletics,0,0,0,
916809801,Angela Clavijo,COL,female,1993-09-01,1.63,62,football,0,0,0,
287231198,Angela Hannah,GBR,female,1986-03-24,1.74,72,canoe,0,0,0,
948174500,Angela Malestein,NED,female,1993-01-31,1.73,66,handball,0,0,0,
859256652,Angela Petty,NZL,female,1991-08-16,1.68,58,athletics,0,0,0,
772558236,Angela Tenorio,ECU,female,1996-01-27,1.63,56,athletics,0,0,0,
789985846,Angela Whyte,CAN,female,1980-05-22,1.70,62,athletics,0,0,0,
14266301,Angela del Pan,ESP,female,1985-04-19,1.73,68,rugby sevens,0,0,0,
424933321,Angelica Bengtsson,SWE,female,1993-07-08,1.63,52,athletics,0,0,0,
518674471,Angelica Delgado,USA,female,1990-12-14,1.61,52,judo,0,0,0,
327887923,Angelica Moser,SUI,female,1997-10-09,1.69,65,athletics,0,0,0,
610826770,Angelica Roos,SWE,female,1989-04-15,1.58,58,weightlifting,0,0,0,
812402263,Angelica Wallen,SWE,female,1986-04-11,1.72,70,handball,0,0,0,
499427026,Angelika Cichocka,POL,female,1988-03-15,1.70,56,athletics,0,0,0,
647265868,Angelika Sita Ouedraogo,BUR,female,1993-12-04,1.72,63,aquatics,0,0,0,
24258423,Angelina Kysla,UKR,female,1991-02-15,1.58,49,gymnastics,0,0,0,
806788576,Angelina Melnikova,RUS,female,2000-07-18,1.51,44,gymnastics,0,1,0,
175332035,Angelique Kerber,GER,female,1988-01-18,1.73,68,tennis,0,1,0,
493430225,Angelos Vlachopoulos,GRE,male,1991-09-28,1.79,75,aquatics,0,0,0,
457358368,Angie Orjuela,COL,female,1989-05-09,1.58,46,athletics,0,0,0,
697735361,Angie Sabrina Gonzalez,VEN,female,1981-01-03,1.60,57,cycling,0,0,0,
618528044,Angus Groom,GBR,male,1992-06-16,1.95,94,rowing,0,0,0,
482234536,Anicka Newell,CAN,female,1993-08-05,1.75,64,athletics,0,0,0,
143427231,Anicka van Emden,NED,female,1986-12-10,1.69,63,judo,0,0,1,
441101021,Anika Lorenz,GER,female,1990-12-09,1.72,70,sailing,0,0,0,
54089758,Anilda Thomas,IND,female,1993-05-06,,,athletics,0,0,0,
393115111,Anirban Lahiri,IND,male,1987-06-29,1.72,80,golf,0,0,0,
52111806,Anish Khem,FIJ,male,1993-08-27,1.75,67,football,0,0,0,
795806548,Anisha Vekemans,BEL,female,1991-08-17,1.60,52,cycling,0,0,0,
998460252,Anissa Khelfaoui,ALG,female,1991-08-29,1.68,62,fencing,0,0,0,
145066330,Anita Alvarez,USA,female,1996-12-02,1.71,51,aquatics,0,0,0,
790724196,Anita Hinriksdottir,ISL,female,1996-01-13,1.72,49,athletics,0,0,0,
709319591,Anita Marton,HUN,female,1989-01-15,1.72,95,athletics,0,0,1,
79802394,Anita McLAREN,NZL,female,1987-10-02,1.63,56,hockey,0,0,0,
175586177,Anita Wlodarczyk,POL,female,1985-08-08,1.78,95,athletics,1,0,0,
865947696,Aniuar Geduev,RUS,male,1987-01-26,1.73,74,wrestling,0,1,0,
358118028,Aniya Necol Louissaint,HAI,female,1998-09-09,1.73,67,taekwondo,0,0,0,
639948235,Anja Crevar,SRB,female,2000-05-24,1.64,49,aquatics,0,0,0,
623213060,Anja Klinar,SLO,female,1988-04-03,1.70,62,aquatics,0,0,0,
699323942,Anja Mittag,GER,female,1985-05-16,1.68,58,football,1,0,0,
616847626,Anja Scherl,GER,female,1986-04-12,1.60,48,athletics,0,0,0,
109335235,Anjelina Nadai Lohalith,ROT,female,1993-01-01,1.63,50,athletics,0,0,0,
571260050,Anju Takamizawa,JPN,female,1996-03-06,1.65,50,athletics,0,0,0,
642447313,Ankhtsetseg Munkhjantsan,MGL,female,1997-12-25,1.63,69,weightlifting,0,0,0,
307535936,Ankit Sharma,IND,male,1992-07-20,1.77,75,athletics,0,0,0,
266461639,Ann-Sophie Duyck,BEL,female,1987-07-23,1.72,60,cycling,0,0,0,
327178595,Anna Boada Peiro,ESP,female,1992-12-30,1.65,60,rowing,0,0,0,
85532849,Anna Cruz,ESP,female,1986-10-27,1.76,60,basketball,0,1,0,
921750536,Anna Danesi,ITA,female,1996-04-20,1.95,75,volleyball,0,0,0,
110782111,Anna Dowgiert,POL,female,1990-07-15,1.70,58,aquatics,0,0,0,
636501122,Anna Emilie Moller,DEN,female,1997-07-28,1.66,52,athletics,0,0,0,
800527374,Anna Espar Llaquet,ESP,female,1993-01-08,1.80,66,aquatics,0,0,0,
592806648,Anna Flanagan,AUS,female,1992-01-08,1.80,66,hockey,0,0,0,
315491322,Anna Green,NZL,female,1990-08-20,1.67,57,football,0,0,0,
739353909,Anna Greta Olasz,HUN,female,1993-09-19,1.68,55,aquatics,0,0,0,
721775367,Anna Grineva,RUS,female,1988-01-31,1.85,87,aquatics,0,0,1,
471756502,Anna Hahner,GER,female,1989-11-20,1.65,48,athletics,0,0,0,
128450991,Anna Illes,HUN,female,1994-02-21,1.80,73,aquatics,0,0,0,
165448816,Anna Incerti,ITA,female,1980-01-19,1.68,44,athletics,0,0,0,
672606405,Anna Jagaciak,POL,female,1990-02-10,1.77,59,athletics,0,0,0,
570157500,Anna Jenny Fransson,SWE,female,1987-07-18,1.69,73,wrestling,0,0,1,
218793925,Anna Karnaukh,RUS,female,1993-08-31,1.73,61,aquatics,0,0,1,
144902061,Anna Karolina Schmiedlova,SVK,female,1994-09-13,1.76,63,tennis,0,0,0,
959541631,Anna Kasprzak,DEN,female,1989-12-08,1.73,66,equestrian,0,0,0,
112286651,Anna Kielbasinska,POL,female,1990-06-26,1.70,59,athletics,0,0,0,
573321803,Anna Knauer,GER,female,1995-02-20,1.70,60,cycling,0,0,0,
711366566,Anna Korakaki,GRE,female,1996-04-08,1.75,65,shooting,1,0,1,
839118437,Anna Kornuta,UKR,female,1988-11-10,1.68,57,athletics,0,0,0,
550413879,Anna Laurell Nash,SWE,female,1980-02-12,1.84,,boxing,0,0,0,
759876501,Anna Lunyova,UKR,female,1991-10-01,1.76,60,athletics,0,0,0,
688177663,Anna Maliszewska,POL,female,1993-07-04,1.70,52,modern pentathlon,0,0,0,
818693717,Anna Malova,RUS,female,1990-04-16,1.75,59,volleyball,0,0,0,
953320535,Anna Malvina Svennung,SWE,female,1984-10-24,1.78,74,rowing,0,0,0,
621267862,Anna Maria Mazzetti,ITA,female,1988-08-25,1.61,50,triathlon,0,0,0,
334806416,Anna Maria Sepp,EST,female,1996-02-02,1.72,64,sailing,0,0,0,
988042479,Anna Marton,HUN,female,1995-03-31,1.80,70,fencing,0,0,0,
211067010,Anna Meares,AUS,female,1983-09-21,1.65,70,cycling,0,0,1,"Australia's highly decorated Anna Meares has medaled for the speed trial at the past three Olympic Games, with gold at London 2012, silver at Beijing 2008 and bronze at Athens 2004. Meares has 26 world championship medals, including 11 golds."
47625127,Anna Nordqvist,SWE,female,1987-06-10,1.83,75,golf,0,0,0,
613249321,Anna Ntountounaki,GRE,female,1995-09-09,1.77,66,aquatics,0,0,0,
68194105,Anna Plichta,POL,female,1992-02-10,1.76,60,cycling,0,0,0,
602398132,Anna Santamans,FRA,female,1993-04-25,1.77,61,aquatics,0,0,0,
799918043,Anna Sedoykina,RUS,female,1984-08-01,1.84,74,handball,1,0,0,
480514013,Anna Sen,RUS,female,1990-12-03,1.86,81,handball,1,0,0,
320661487,Anna Sztankovics,HUN,female,1996-01-10,1.77,63,aquatics,0,0,0,
475900147,Anna Timofeeva,RUS,female,1987-07-18,1.78,86,aquatics,0,0,1,
553165489,Anna Titimets,UKR,female,1989-03-05,1.73,63,athletics,0,0,0,
760246597,Anna Ustyukhina,RUS,female,1989-03-18,1.77,70,aquatics,0,0,1,
628102440,Anna Voloshyna,UKR,female,1991-09-26,1.68,53,aquatics,0,0,0,
363091224,Anna Vyakhireva,RUS,female,1995-03-13,1.68,63,handball,1,0,0,
984260519,Anna Wierzbowska,POL,female,1990-12-08,1.84,80,rowing,0,0,0,
232686773,Anna van der Breggen,NED,female,1990-04-18,1.67,56,cycling,1,0,1,
173475309,Anna-Lena Groenefeld,GER,female,1985-06-04,1.80,73,tennis,0,0,0,
878372430,Anna-Maria Alexandri,AUT,female,1997-09-15,1.70,48,aquatics,0,0,0,
25318407,Annabel Laure Ali,CMR,female,1985-03-04,1.76,75,wrestling,0,0,0,
849907578,Annalie Longo,NZL,female,1991-07-01,1.56,54,football,0,0,0,
36119786,Annalise Murphy,IRL,female,1990-02-01,1.84,72,sailing,0,1,0,
892128901,Anne Andersen,DEN,female,1992-11-10,1.83,86,rowing,0,0,1,
618276677,Anne Buijs,NED,female,1991-12-02,1.90,73,volleyball,0,0,0,
8185560,Anne Cairns,SAM,female,1981-01-11,,,canoe,0,0,0,
979365404,Anne Haug,GER,female,1983-01-20,1.64,51,triathlon,0,0,0,
862170739,Anne Holm Baumeister,DEN,female,1987-12-29,1.68,54,athletics,0,0,0,
470667048,Anne Lolk Thomsen,DEN,female,1983-05-15,1.75,60,rowing,0,0,0,
554467437,Anne Schroder,GER,female,1994-09-11,1.70,58,hockey,0,0,1,
676612958,Anne Terpstra,NED,female,1991-01-05,1.66,57,cycling,0,0,0,
663634916,Anne Zagre,BEL,female,1990-03-13,1.76,68,athletics,0,0,0,
723096716,Anne-Mari Hyrylainen,FIN,female,1978-08-15,1.68,50,athletics,0,0,0,
800780979,Anne-Marie Rindom,DEN,female,1991-06-14,1.70,68,sailing,0,0,1,
869195887,Anneisha McLaughlin-Whilby,JAM,female,1986-01-06,1.70,66,athletics,0,1,0,
455588224,Annekatrin Thiele,GER,female,1984-10-18,1.73,68,rowing,1,0,0,
428641250,Anneliese Rubie,AUS,female,1992-04-22,1.71,58,athletics,0,0,0,
392790304,Anneloes van Veen,NED,female,1990-08-07,1.77,67,sailing,0,0,0,
389902510,Annemiek Bekkering,NED,female,1991-08-05,1.60,54,sailing,0,0,0,
706092659,Annemiek van Vleuten,NED,female,1982-10-08,1.68,59,cycling,0,0,0,
279678648,Annette Duetz,NED,female,1993-06-29,1.80,74,sailing,0,0,0,
297653287,Annette Edmondson,AUS,female,1991-12-12,1.71,65,cycling,0,0,0,
790807668,Anni Teija Orvokki Vuohijoki,FIN,female,1988-05-24,1.62,62,weightlifting,0,0,0,
925256825,Annie Haeger,USA,female,1990-02-05,1.68,58,sailing,0,0,0,
960982811,Annika Beck,GER,female,1994-02-16,1.67,59,tennis,0,0,0,
986477773,Annika Bochmann,GER,female,1991-07-16,1.67,58,sailing,0,0,0,
724113769,Annika Bruhn,GER,female,1992-10-05,1.83,69,aquatics,0,0,0,
614874748,Annika Langvad,DEN,female,1984-03-22,1.74,63,cycling,0,0,0,
196922673,Annika Roloff,GER,female,1991-03-10,1.66,58,athletics,0,0,0,
595641112,Annika Schleu,GER,female,1990-04-03,1.75,63,modern pentathlon,0,0,0,
799645889,Annika Sprink,GER,female,1995-10-20,1.73,61,hockey,0,0,1,
156381580,Annike Krahn,GER,female,1985-07-01,1.73,61,football,1,0,0,
521298946,Annsert Whyte,JAM,male,1987-10-04,1.88,86,athletics,0,0,0,
403056126,Ano Kuwai,JPN,female,1989-10-20,1.72,70,rugby sevens,0,0,0,
618542850,Anouk Verge-Depre,SUI,female,1992-02-11,1.85,70,volleyball,0,0,0,
57200072,Anouk Vetter,NED,female,1993-02-04,1.77,62,athletics,0,0,0,
976455975,Anqi Xu,CHN,female,1992-01-23,1.82,76,fencing,0,1,0,
576815287,Antanas Kavaliauskas,LTU,male,1984-09-19,2.08,114,basketball,0,0,0,
224127843,Anthonique Strachan,BAH,female,1993-08-22,1.68,57,athletics,0,0,0,
293695659,Anthonny Sitraka Ralefy,MAD,male,1995-07-10,1.82,79,aquatics,0,0,0,
547860838,Anthony Barbar,LIB,male,1992-11-18,,,aquatics,0,0,0,
76732813,Anthony Dean,AUS,male,1991-04-22,1.75,87,cycling,0,0,0,
261223419,Anthony Ervin,USA,male,1981-05-26,1.91,80,aquatics,2,0,0,
179926166,Anthony Fahden,USA,male,1986-02-27,1.81,71,rowing,0,0,0,
335737888,Anthony Mylann Obame,GAB,male,1988-09-10,1.90,97,taekwondo,0,0,0,
63461595,Anthony Perez,VEN,male,1993-09-29,2.05,93,basketball,0,0,0,
818993615,Anthony Romaniw,CAN,male,1991-09-15,1.80,80,athletics,0,0,0,
368458137,Anthony Terras,FRA,male,1985-06-21,1.70,69,shooting,0,0,0,
575174171,Anthony Zambrano,COL,male,1998-01-17,1.84,72,athletics,0,0,0,
947380759,Antigoni Drisbioti,GRE,female,1984-03-21,1.61,50,athletics,0,0,0,
851486993,Antje von Seydlitz-Kurzbach,CAN,female,1990-09-16,1.79,76,rowing,0,0,0,
627845913,Antoaneta Boneva,BUL,female,1986-01-17,1.68,70,shooting,0,0,0,
969463454,Antoine Adams,SKN,male,1988-08-31,1.80,79,athletics,0,0,0,
110778822,Antoine Bouchard,CAN,male,1994-08-24,1.80,66,judo,0,0,0,
352830774,Antoine Diot,FRA,male,1989-01-17,1.93,86,basketball,0,0,0,
778856814,Antoine Duchesne,CAN,male,1991-09-12,1.89,73,cycling,0,0,0,
638759707,Antoine Gakeme,BDI,male,1991-12-24,1.69,60,athletics,0,0,0,
265482075,Antoine Gillet,BEL,male,1988-03-22,1.85,78,athletics,0,0,0,
418069781,Antoine Valois-Fortier,CAN,male,1990-03-13,1.90,81,judo,0,0,0,
124031196,Antoinette Gasongo,BDI,female,1994-04-24,1.70,51,judo,0,0,0,
67909068,Antoinette Nana Djimou Ida,FRA,female,1985-08-02,1.74,69,athletics,0,0,0,
939122275,Anton Astakhov,RUS,male,1987-04-30,1.76,85,shooting,0,0,0,
866446784,Anton Avdeev,RUS,male,1986-09-08,1.74,85,fencing,0,0,0,
300749546,Anton Braun,GER,male,1990-04-28,2.02,104,rowing,0,0,0,
989516794,Anton Chupkov,RUS,male,1997-02-22,1.88,71,aquatics,0,0,1,
55365103,Anton Dahlberg,SWE,male,1985-05-10,1.82,71,sailing,0,0,0,
727981250,Anton Fokin,UZB,male,1982-11-13,1.68,57,gymnastics,0,0,0,
393253446,Anton Ipsen,DEN,male,1994-09-04,1.86,74,aquatics,0,0,0,
620488948,Anton Kosmac,SLO,male,1976-12-14,1.83,66,athletics,0,0,0,
469779027,Anton Kucmin,SVK,male,1984-06-07,1.80,64,athletics,0,0,0,
108256011,Anton McKee,ISL,male,1993-12-18,1.83,84,aquatics,0,0,0,
835942400,Anton Prilepov,BLR,male,1984-02-05,1.86,96,archery,0,0,0,
463095413,Anton Rizov,BUL,male,1987-12-29,1.70,75,shooting,0,0,0,
299113520,Anton Sintsov,RUS,male,1985-02-03,1.70,62,cycling,0,